Student Name,Student ID#,School Name,Job ID# 1st,Job ID# 2nd,Job ID# 3rd,Job ID# 4th,Job ID# 5th
William,1000,Dallas High School,World Fuel Services,Amazon.com,Coca-Cola,DowDuPont,CVS Health
James,1001,Dallas High School,Publix Super Markets,Walgreens Boots Alliance,Express Scripts Holding,State Farm Insurance Cos.,Centene
Charles,1002,Dallas High School,Target,State Farm Insurance Cos.,General Electric,Morgan Stanley,TJX
George,1003,Dallas High School,Andeavor,Cardinal Health,CHS,DowDuPont,Massachusetts Mutual Life Insurance
Frank,1004,Dallas High School,Honeywell International,Pfizer,CHS,CVS Health,UPS
Joseph,1005,Dallas High School,Publix Super Markets,DowDuPont,Amazon.com,American Express,Andeavor
Thomas,1006,Dallas High School,MetLife,Prudential Financial,Publix Super Markets,Nike,General Dynamics
Henry,1007,Dallas High School,Time Warner,Morgan Stanley,TJX,DowDuPont,Tech Data
Robert,1008,Dallas High School,Energy Transfer Equity,Verizon,Morgan Stanley,Disney,AT&T
Edward,1009,Dallas High School,AIG,JPMorgan Chase,World Fuel Services,Microsoft,FedEx
Harry,1010,Dallas High School,Facebook,Archer Daniels Midland,UPS,3M,Liberty Mutual Insurance Group
Walter,1011,Dallas High School,State Farm Insurance Cos.,Berkshire Hathaway,AmerisourceBergen,Wells Fargo,McKesson
Arthur,1012,Dallas High School,Merck,Best Buy,General Dynamics,Time Warner,Procter & Gamble
Fred,1013,Dallas High School,IBM,General Motors,PepsiCo,Nationwide,Home Depot
Albert,1014,Dallas High School,Phillips 66,United Technologies,Berkshire Hathaway,CVS Health,United Continental Holdings
Samuel,1015,Dallas High School,AIG,Berkshire Hathaway,Kroger,AmerisourceBergen,Valero Energy
David,1016,Dallas High School,Centene,Chevron,Charter Communications,Tyson Foods,DowDuPont
Louis,1017,Dallas High School,Home Depot,General Dynamics,TIAA,State Farm Insurance Cos.,Marathon Petroleum
Joe,1018,Dallas High School,Exelon,Verizon,Johnson & Johnson,Anthem,General Motors
Charlie,1019,Dallas High School,Delta Air Lines,Coca-Cola,Morgan Stanley,MetLife,Exelon
Clarence,1020,Dallas High School,Allstate,Humana,State Farm Insurance Cos.,Andeavor,Coca-Cola
Richard,1021,Dallas High School,Apple,3M,Tech Data,Honeywell International,Valero Energy
Andrew,1022,Dallas High School,Dell Technologies,HCA Healthcare,Allstate,Microsoft,Cigna
Daniel,1023,Dallas High School,Allstate,Energy Transfer Equity,Lockheed Martin,Procter & Gamble,Goldman Sachs Group
Ernest,1024,Dallas High School,Cisco Systems,New York Life Insurance,Wells Fargo,Coca-Cola,Chevron
Will,1025,Dallas High School,General Electric,Microsoft,Andeavor,IBM,CVS Health
Jesse,1026,Dallas High School,Tyson Foods,Lockheed Martin,Andeavor,Exxon Mobil,3M
Oscar,1027,Dallas High School,Exxon Mobil,Coca-Cola,MetLife,Honeywell International,Best Buy
Lewis,1028,Dallas High School,AmerisourceBergen,Delta Air Lines,Prudential Financial,UnitedHealth Group,Exelon
Peter,1029,Dallas High School,Delta Air Lines,Procter & Gamble,HCA Healthcare,Marathon Petroleum,Exxon Mobil
Benjamin,1030,Dallas High School,Cardinal Health,Tech Data,Andeavor,Energy Transfer Equity,Bank of America Corp.
Frederick,1031,Dallas High School,American Airlines Group,Oracle,PepsiCo,Walmart,Tyson Foods
Willie,1032,Dallas High School,Facebook,McKesson,United Technologies,UPS,Home Depot
Alfred,1033,Dallas High School,Coca-Cola,Microsoft,TJX,Boeing,Facebook
Sam,1034,Dallas High School,USAA,Goldman Sachs Group,Charter Communications,Lockheed Martin,Albertsons Cos.
Roy,1035,Dallas High School,Goldman Sachs Group,Kroger,Cardinal Health,Disney,American Express
Herbert,1036,Dallas High School,Phillips 66,Goldman Sachs Group,Verizon,Pfizer,McKesson
Jacob,1037,Dallas High School,Nike,Berkshire Hathaway,Lockheed Martin,Sysco,Best Buy
Tom,1038,Dallas High School,New York Life Insurance,CHS,Delta Air Lines,Intel,Oracle
Elmer,1039,Dallas High School,Amazon.com,HP,HCA Healthcare,Sysco,United Continental Holdings
Carl,1040,Dallas High School,Amazon.com,Rite Aid,CHS,Massachusetts Mutual Life Insurance,ConocoPhillips
Lee,1041,Dallas High School,Lowe’s,TJX,Aetna,United Continental Holdings,IBM
Howard,1042,Dallas High School,USAA,Publix Super Markets,State Farm Insurance Cos.,Nationwide,Prudential Financial
Martin,1043,Dallas High School,Johnson & Johnson,Goldman Sachs Group,Dell Technologies,MetLife,Caterpillar
Michael,1044,Dallas High School,3M,Johnson & Johnson,Andeavor,TJX,Nike
Bert,1045,Dallas High School,HP,TIAA,Wells Fargo,Procter & Gamble,3M
Herman,1046,Dallas High School,Goldman Sachs Group,Microsoft,MetLife,Lockheed Martin,Oracle
Jim,1047,Dallas High School,General Dynamics,DowDuPont,New York Life Insurance,Albertsons Cos.,Nationwide
Francis,1048,Dallas High School,Walmart,United Technologies,MetLife,TJX,Goldman Sachs Group
Harvey,1049,Dallas High School,Nike,American Airlines Group,Centene,Apple,Caterpillar
Earl,1050,Dallas High School,Costco,Chevron,Sysco,Johnson & Johnson,DowDuPont
Eugene,1051,Dallas High School,Tech Data,UnitedHealth Group,Home Depot,Merck,Delta Air Lines
Ralph,1052,Dallas High School,Wells Fargo,IBM,Home Depot,Walmart,TJX
Ed,1053,Dallas High School,Exxon Mobil,Tech Data,Costco,Walmart,Delta Air Lines
Claude,1054,Dallas High School,Fannie Mae,Tech Data,UnitedHealth Group,ConocoPhillips,PepsiCo
Edwin,1055,Dallas High School,Johnson & Johnson,Lowe’s,Valero Energy,HCA Healthcare,Cigna
Ben,1056,Dallas High School,Marathon Petroleum,Chevron,Johnson & Johnson,Pfizer,United Continental Holdings
Charley,1057,Dallas High School,Energy Transfer Equity,Valero Energy,3M,DowDuPont,Massachusetts Mutual Life Insurance
Paul,1058,Dallas High School,DowDuPont,Bank of America Corp.,Kroger,Exelon,AmerisourceBergen
Edgar,1059,Dallas High School,TJX,Bank of America Corp.,Dell Technologies,Nationwide,TIAA
Isaac,1060,Dallas High School,Facebook,Dell Technologies,Freddie Mac,Publix Super Markets,Morgan Stanley
Otto,1061,Dallas High School,AIG,Amazon.com,UPS,Time Warner,UnitedHealth Group
Luther,1062,Dallas High School,Costco,Anthem,DowDuPont,Target,AIG
Lawrence,1063,Dallas High School,DowDuPont,Wells Fargo,Kroger,Coca-Cola,Dell Technologies
Ira,1064,Dallas High School,Caterpillar,Nike,Dell Technologies,General Electric,Nationwide
Patrick,1065,Dallas High School,Target,General Motors,Andeavor,Bank of America Corp.,Wells Fargo
Guy,1066,Dallas High School,TJX,Nationwide,Massachusetts Mutual Life Insurance,Morgan Stanley,CHS
Oliver,1067,Dallas High School,World Fuel Services,CVS Health,New York Life Insurance,Sysco,Rite Aid
Theodore,1068,Dallas High School,Tyson Foods,Anthem,Merck,Disney,Honeywell International
Hugh,1069,Dallas High School,Best Buy,Target,Pfizer,Nike,Alphabet
Clyde,1070,Dallas High School,Home Depot,General Dynamics,Intel,Humana,Cigna
Alexander,1071,Dallas High School,TIAA,New York Life Insurance,AT&T,CVS Health,Home Depot
August,1072,Dallas High School,Walmart,Aetna,Tyson Foods,Charter Communications,Johnson & Johnson
Floyd,1073,Dallas High School,Coca-Cola,Centene,American Express,Facebook,Target
Homer,1074,Dallas High School,General Motors,Delta Air Lines,Wells Fargo,Home Depot,CHS
Jack,1075,Dallas High School,3M,Tech Data,Prudential Financial,Energy Transfer Equity,JPMorgan Chase
Leonard,1076,Dallas High School,UnitedHealth Group,Humana,World Fuel Services,Verizon,Caterpillar
Horace,1077,Dallas High School,Goldman Sachs Group,Verizon,IBM,UPS,Boeing
Marion,1078,Dallas High School,FedEx,CVS Health,United Technologies,Facebook,DowDuPont
Philip,1079,Dallas High School,USAA,United Technologies,Kroger,Alphabet,Berkshire Hathaway
Allen,1080,Dallas High School,Walgreens Boots Alliance,Oracle,ConocoPhillips,Anthem,Exelon
Archie,1081,Dallas High School,American Airlines Group,Wells Fargo,AT&T,UPS,Chevron
Stephen,1082,Dallas High School,Procter & Gamble,Exxon Mobil,Tech Data,PepsiCo,Lockheed Martin
Chester,1083,Dallas High School,American Airlines Group,UPS,Wells Fargo,Tyson Foods,Energy Transfer Equity
Willis,1084,Dallas High School,Berkshire Hathaway,Disney,AIG,Johnson & Johnson,General Electric
Raymond,1085,Dallas High School,Disney,American Express,AT&T,Freddie Mac,Lowe’s
Rufus,1086,Dallas High School,Facebook,JPMorgan Chase,Procter & Gamble,CHS,Albertsons Cos.
Warren,1087,Dallas High School,Massachusetts Mutual Life Insurance,DowDuPont,State Farm Insurance Cos.,Alphabet,Rite Aid
Jessie,1088,Dallas High School,HCA Healthcare,Kroger,CHS,General Electric,Lockheed Martin
Milton,1089,Dallas High School,Boeing,Home Depot,Honeywell International,Marathon Petroleum,Allstate
Alex,1090,Dallas High School,Amazon.com,USAA,Marathon Petroleum,Publix Super Markets,Costco
Leo,1091,Dallas High School,JPMorgan Chase,Cigna,Honeywell International,Cardinal Health,Wells Fargo
Julius,1092,Dallas High School,Prudential Financial,Kroger,ConocoPhillips,Marathon Petroleum,Tyson Foods
Ray,1093,Dallas High School,Microsoft,Aetna,Exelon,New York Life Insurance,3M
Sidney,1094,Dallas High School,Walmart,Boeing,World Fuel Services,Citigroup,Target
Bernard,1095,Dallas High School,Tyson Foods,Charter Communications,Anthem,CVS Health,Aetna
Dan,1096,Dallas High School,FedEx,Alphabet,TJX,Verizon,McKesson
Jerry,1097,Dallas High School,Exxon Mobil,Comcast,AT&T,Albertsons Cos.,IBM
Calvin,1098,Dallas High School,Cisco Systems,Lockheed Martin,USAA,Amazon.com,Dell Technologies
Perry,1099,Dallas High School,HP,Tech Data,JPMorgan Chase,Fannie Mae,TJX
Dave,1100,Dallas High School,Goldman Sachs Group,Facebook,Home Depot,Exelon,Disney
Anthony,1101,Dallas High School,TJX,General Motors,Bank of America Corp.,Kroger,Merck
Eddie,1102,Dallas High School,CHS,Cigna,Amazon.com,Citigroup,Bank of America Corp.
Amos,1103,Dallas High School,3M,World Fuel Services,Centene,Disney,IBM
Dennis,1104,Dallas High School,United Continental Holdings,Marathon Petroleum,State Farm Insurance Cos.,Phillips 66,Caterpillar
Clifford,1105,Dallas High School,Amazon.com,Target,UPS,Intel,Goldman Sachs Group
Leroy,1106,Dallas High School,Wells Fargo,Exelon,Chevron,United Continental Holdings,Citigroup
Wesley,1107,Dallas High School,Lockheed Martin,Publix Super Markets,Charter Communications,DowDuPont,Apple
Alonzo,1108,Dallas High School,Walgreens Boots Alliance,United Continental Holdings,AmerisourceBergen,Chevron,Lockheed Martin
Garfield,1109,Dallas High School,Anthem,ConocoPhillips,Target,HP,Time Warner
Franklin,1110,Dallas High School,PepsiCo,Massachusetts Mutual Life Insurance,Microsoft,Citigroup,Wells Fargo
Emil,1111,Dallas High School,Target,Disney,New York Life Insurance,General Electric,Morgan Stanley
Leon,1112,Dallas High School,Archer Daniels Midland,Citigroup,Tech Data,Kroger,Goldman Sachs Group
Nathan,1113,Dallas High School,Fannie Mae,Prudential Financial,Bank of America Corp.,Target,IBM
Harold,1114,Dallas High School,General Motors,Tyson Foods,Kroger,Charter Communications,Microsoft
Matthew,1115,Dallas High School,American Airlines Group,United Continental Holdings,JPMorgan Chase,Wells Fargo,Goldman Sachs Group
Levi,1116,Dallas High School,Boeing,ConocoPhillips,McKesson,Tech Data,Exxon Mobil
Moses,1117,Dallas High School,Fannie Mae,Prudential Financial,Costco,Marathon Petroleum,TJX
Everett,1118,Dallas High School,AmerisourceBergen,Albertsons Cos.,Lockheed Martin,Goldman Sachs Group,TIAA
Lester,1119,Dallas High School,Allstate,HP,General Dynamics,Alphabet,Facebook
Winfield,1120,Dallas High School,American Express,Tech Data,Tyson Foods,MetLife,Valero Energy
Adam,1121,Dallas High School,Oracle,Intel,Citigroup,DowDuPont,Nationwide
Lloyd,1122,Dallas High School,Home Depot,Rite Aid,HCA Healthcare,Target,Comcast
Mack,1123,Dallas High School,Nationwide,Andeavor,Sysco,Walmart,Albertsons Cos.
Fredrick,1124,Dallas High School,Express Scripts Holding,American Express,Disney,Humana,Freddie Mac
Jay,1125,Dallas High School,MetLife,Cardinal Health,Intel,Energy Transfer Equity,Oracle
Jess,1126,Dallas High School,Charter Communications,Intel,CHS,Comcast,Goldman Sachs Group
Melvin,1127,Dallas High School,Merck,Express Scripts Holding,American Airlines Group,Andeavor,Liberty Mutual Insurance Group
Noah,1128,Dallas High School,Energy Transfer Equity,Dell Technologies,DowDuPont,Amazon.com,PepsiCo
Aaron,1129,Dallas High School,Massachusetts Mutual Life Insurance,Facebook,Ford Motor,Allstate,Microsoft
Alvin,1130,Dallas High School,McKesson,Time Warner,General Motors,Pfizer,AT&T
Norman,1131,Dallas High School,Intel,Liberty Mutual Insurance Group,General Electric,Boeing,Phillips 66
Gilbert,1132,Dallas High School,Tech Data,Microsoft,AmerisourceBergen,Time Warner,Cisco Systems
Elijah,1133,Dallas High School,Bank of America Corp.,Cisco Systems,Ford Motor,Morgan Stanley,Best Buy
Victor,1134,Dallas High School,Exelon,Nationwide,Disney,Costco,Anthem
Gus,1135,Dallas High School,Apple,American Airlines Group,TIAA,Home Depot,3M
Nelson,1136,Dallas High School,CVS Health,Morgan Stanley,World Fuel Services,AT&T,Phillips 66
Jasper,1137,Dallas High School,World Fuel Services,ConocoPhillips,United Continental Holdings,Johnson & Johnson,HP
Silas,1138,Dallas High School,Cisco Systems,Home Depot,Rite Aid,CVS Health,Goldman Sachs Group
Christopher,1139,Dallas High School,United Technologies,Sysco,Tech Data,Cisco Systems,State Farm Insurance Cos.
Jake,1140,Dallas High School,Lowe’s,IBM,Walgreens Boots Alliance,AIG,Berkshire Hathaway
Mike,1141,Dallas High School,Cisco Systems,Exxon Mobil,Liberty Mutual Insurance Group,State Farm Insurance Cos.,General Motors
Percy,1142,Dallas High School,Amazon.com,Walgreens Boots Alliance,General Dynamics,HP,Disney
Adolph,1143,Dallas High School,Freddie Mac,Humana,Procter & Gamble,McKesson,American Express
Maurice,1144,Dallas High School,TJX,Lockheed Martin,CHS,Home Depot,Johnson & Johnson
Cornelius,1145,Dallas High School,Freddie Mac,Anthem,Massachusetts Mutual Life Insurance,State Farm Insurance Cos.,Coca-Cola
Felix,1146,Dallas High School,Exelon,Cisco Systems,Target,Goldman Sachs Group,Dell Technologies
Reuben,1147,Dallas High School,Cigna,Wells Fargo,Berkshire Hathaway,Anthem,New York Life Insurance
Wallace,1148,Dallas High School,HCA Healthcare,3M,Boeing,Sysco,UPS
Claud,1149,Dallas High School,Publix Super Markets,General Dynamics,Facebook,Morgan Stanley,General Electric
Roscoe,1150,Dallas High School,Bank of America Corp.,State Farm Insurance Cos.,Liberty Mutual Insurance Group,Walgreens Boots Alliance,Costco
Sylvester,1151,Dallas High School,Honeywell International,General Dynamics,IBM,Tyson Foods,Bank of America Corp.
Earnest,1152,Dallas High School,Anthem,Kroger,Verizon,PepsiCo,MetLife
Hiram,1153,Dallas High School,TIAA,Andeavor,Microsoft,Time Warner,UnitedHealth Group
Otis,1154,Dallas High School,Sysco,UPS,Express Scripts Holding,Bank of America Corp.,AIG
Simon,1155,Dallas High School,JPMorgan Chase,General Electric,Archer Daniels Midland,Exelon,Cisco Systems
Willard,1156,Dallas High School,Target,United Continental Holdings,Centene,Sysco,Merck
Irvin,1157,Dallas High School,Energy Transfer Equity,Albertsons Cos.,Allstate,Marathon Petroleum,TIAA
Mark,1158,Dallas High School,Fannie Mae,Chevron,Merck,ConocoPhillips,World Fuel Services
Jose,1159,Dallas High School,Time Warner,Aetna,Allstate,McKesson,Walmart
Wilbur,1160,Dallas High School,JPMorgan Chase,Freddie Mac,Amazon.com,3M,Microsoft
Abraham,1161,Dallas High School,AIG,United Continental Holdings,IBM,Nike,Dell Technologies
Virgil,1162,Dallas High School,Liberty Mutual Insurance Group,Lowe’s,Rite Aid,Oracle,Energy Transfer Equity
Clinton,1163,Dallas High School,PepsiCo,USAA,Best Buy,New York Life Insurance,Walmart
Elbert,1164,Dallas High School,Massachusetts Mutual Life Insurance,Anthem,CHS,Sysco,McKesson
Leslie,1165,Dallas High School,Kroger,Walgreens Boots Alliance,Johnson & Johnson,MetLife,Tyson Foods
Marshall,1166,Dallas High School,New York Life Insurance,Walgreens Boots Alliance,Amazon.com,CVS Health,Chevron
Owen,1167,Dallas High School,Aetna,USAA,Verizon,UPS,PepsiCo
Wiley,1168,Dallas High School,TIAA,New York Life Insurance,Pfizer,Chevron,World Fuel Services
Anton,1169,Dallas High School,CVS Health,Citigroup,Disney,MetLife,Massachusetts Mutual Life Insurance
Morris,1170,Dallas High School,Goldman Sachs Group,Comcast,Intel,Liberty Mutual Insurance Group,American Airlines Group
Manuel,1171,Dallas High School,Tyson Foods,Lowe’s,3M,Aetna,AIG
Phillip,1172,Dallas High School,Citigroup,HP,Best Buy,Johnson & Johnson,Humana
Augustus,1173,Dallas High School,Nationwide,Goldman Sachs Group,PepsiCo,AmerisourceBergen,Tech Data
Emmett,1174,Dallas High School,UnitedHealth Group,Phillips 66,Procter & Gamble,ConocoPhillips,Anthem
Eli,1175,Dallas High School,Exelon,Marathon Petroleum,Sysco,AmerisourceBergen,Merck
Nicholas,1176,Dallas High School,Home Depot,Facebook,Massachusetts Mutual Life Insurance,Ford Motor,Liberty Mutual Insurance Group
Wilson,1177,Dallas High School,Goldman Sachs Group,Honeywell International,CHS,PepsiCo,DowDuPont
Alva,1178,Dallas High School,AT&T,United Continental Holdings,General Motors,CVS Health,General Dynamics
Harley,1179,Dallas High School,FedEx,Dell Technologies,JPMorgan Chase,Tyson Foods,AmerisourceBergen
Newton,1180,Dallas High School,Facebook,Sysco,ConocoPhillips,Merck,Exxon Mobil
Timothy,1181,Dallas High School,Intel,General Electric,General Motors,CVS Health,New York Life Insurance
Marvin,1182,Dallas High School,Verizon,Delta Air Lines,Berkshire Hathaway,Boeing,Honeywell International
Ross,1183,Dallas High School,Intel,AT&T,TIAA,United Continental Holdings,AmerisourceBergen
Curtis,1184,Dallas High School,Procter & Gamble,Goldman Sachs Group,Valero Energy,Tech Data,Anthem
Edmund,1185,Dallas High School,General Motors,State Farm Insurance Cos.,Albertsons Cos.,Bank of America Corp.,CVS Health
Jeff,1186,Dallas High School,HCA Healthcare,Valero Energy,General Motors,Walmart,State Farm Insurance Cos.
Elias,1187,Dallas High School,HP,Andeavor,Archer Daniels Midland,Coca-Cola,USAA
Harrison,1188,Dallas High School,Dell Technologies,Lowe’s,Disney,Marathon Petroleum,American Airlines Group
Stanley,1189,Dallas High School,Phillips 66,Nationwide,New York Life Insurance,Lockheed Martin,Alphabet
Columbus,1190,Dallas High School,Fannie Mae,Dell Technologies,Allstate,Procter & Gamble,Exelon
Lon,1191,Dallas High School,Cardinal Health,DowDuPont,UnitedHealth Group,American Express,Nationwide
Ora,1192,Dallas High School,Lockheed Martin,Archer Daniels Midland,Coca-Cola,CVS Health,Citigroup
Ollie,1193,Dallas High School,McKesson,Coca-Cola,United Technologies,Cardinal Health,Berkshire Hathaway
Russell,1194,Dallas High School,HP,Exxon Mobil,Nationwide,Best Buy,Humana
Pearl,1195,Dallas High School,General Electric,AT&T,JPMorgan Chase,Apple,TIAA
Solomon,1196,Dallas High School,DowDuPont,Massachusetts Mutual Life Insurance,Anthem,UnitedHealth Group,Comcast
Arch,1197,Dallas High School,Centene,Nike,Tech Data,Disney,Charter Communications
Asa,1198,Dallas High School,Marathon Petroleum,Home Depot,Nike,Ford Motor,Lowe’s
Clayton,1199,Dallas High School,Archer Daniels Midland,Intel,JPMorgan Chase,Microsoft,DowDuPont
Enoch,1200,Dallas High School,Anthem,Morgan Stanley,Target,Rite Aid,United Technologies
Irving,1201,Dallas High School,TJX,Verizon,Dell Technologies,United Continental Holdings,Archer Daniels Midland
Mathew,1202,Dallas High School,HP,American Express,Lockheed Martin,Cigna,Andeavor
Nathaniel,1203,Dallas High School,JPMorgan Chase,Marathon Petroleum,General Dynamics,Aetna,Anthem
Scott,1204,Dallas High School,Berkshire Hathaway,Delta Air Lines,ConocoPhillips,Best Buy,TIAA
Hubert,1205,Dallas High School,United Technologies,Merck,Anthem,State Farm Insurance Cos.,Disney
Lemuel,1206,Dallas High School,Marathon Petroleum,Lowe’s,Freddie Mac,Coca-Cola,General Electric
Andy,1207,Dallas High School,Procter & Gamble,Dell Technologies,United Continental Holdings,AIG,Comcast
Ellis,1208,Dallas High School,Sysco,Humana,Exelon,Target,Verizon
Emanuel,1209,Dallas High School,JPMorgan Chase,Costco,Rite Aid,Exxon Mobil,Delta Air Lines
Joshua,1210,Dallas High School,Honeywell International,Massachusetts Mutual Life Insurance,UnitedHealth Group,Alphabet,Johnson & Johnson
Millard,1211,Dallas High School,Valero Energy,Costco,Morgan Stanley,Walmart,Anthem
Vernon,1212,Dallas High School,Home Depot,Anthem,Andeavor,Oracle,Fannie Mae
Wade,1213,Dallas High School,FedEx,American Airlines Group,Cigna,Amazon.com,General Electric
Cyrus,1214,Dallas High School,Albertsons Cos.,Delta Air Lines,MetLife,Lowe’s,Cisco Systems
Miles,1215,Dallas High School,Exxon Mobil,Boeing,Nike,Caterpillar,3M
Rudolph,1216,Dallas High School,CVS Health,Delta Air Lines,Kroger,MetLife,Microsoft
Sherman,1217,Dallas High School,Nike,Goldman Sachs Group,Coca-Cola,Archer Daniels Midland,Publix Super Markets
Austin,1218,Dallas High School,Apple,Costco,Energy Transfer Equity,Centene,USAA
Bill,1219,Dallas High School,USAA,FedEx,General Electric,Charter Communications,Dell Technologies
Chas,1220,Dallas High School,Rite Aid,Target,Centene,Best Buy,Cigna
Lonnie,1221,Dallas High School,Home Depot,Cigna,Prudential Financial,Coca-Cola,Alphabet
Monroe,1222,Dallas High School,AIG,Goldman Sachs Group,Phillips 66,Ford Motor,Allstate
Byron,1223,Dallas High School,Publix Super Markets,Sysco,General Electric,AmerisourceBergen,Valero Energy
Edd,1224,Dallas High School,Wells Fargo,Cisco Systems,Merck,CHS,AT&T
Emery,1225,Dallas High School,IBM,Cardinal Health,Albertsons Cos.,Andeavor,Lowe’s
Grant,1226,Dallas High School,Walmart,AT&T,Honeywell International,McKesson,FedEx
Jerome,1227,Dallas High School,PepsiCo,Time Warner,MetLife,Charter Communications,3M
Max,1228,Dallas High School,Walgreens Boots Alliance,Chevron,Boeing,Exxon Mobil,Costco
Mose,1229,Dallas High School,Lockheed Martin,Honeywell International,Ford Motor,Allstate,TIAA
Steve,1230,Dallas High School,Citigroup,AIG,Amazon.com,Humana,Sysco
Gordon,1231,Dallas High School,World Fuel Services,Express Scripts Holding,Fannie Mae,Pfizer,Johnson & Johnson
Abe,1232,Dallas High School,Pfizer,CVS Health,Caterpillar,New York Life Insurance,Coca-Cola
Pete,1233,Dallas High School,Best Buy,Centene,Walgreens Boots Alliance,Verizon,Express Scripts Holding
Chris,1234,Dallas High School,IBM,CHS,Nike,Facebook,Target
Clark,1235,Dallas High School,HCA Healthcare,Merck,Verizon,PepsiCo,General Motors
Gustave,1236,Dallas High School,Home Depot,Anthem,FedEx,UPS,JPMorgan Chase
Orville,1237,Dallas High School,PepsiCo,Home Depot,Liberty Mutual Insurance Group,New York Life Insurance,Kroger
Lorenzo,1238,Dallas High School,Home Depot,Comcast,CVS Health,Anthem,Best Buy
Bruce,1239,Dallas High School,Marathon Petroleum,AT&T,Charter Communications,UnitedHealth Group,UPS
Marcus,1240,Dallas High School,General Motors,McKesson,Nationwide,Delta Air Lines,Lowe’s
Preston,1241,Dallas High School,Nike,Disney,Energy Transfer Equity,New York Life Insurance,General Electric
Bob,1242,Dallas High School,Prudential Financial,Cardinal Health,Sysco,HCA Healthcare,World Fuel Services
Dock,1243,Dallas High School,Energy Transfer Equity,Exxon Mobil,Fannie Mae,Centene,Tyson Foods
Donald,1244,Dallas High School,Facebook,Apple,General Dynamics,AT&T,TIAA
Jackson,1245,Dallas High School,Disney,CVS Health,Home Depot,General Dynamics,McKesson
Cecil,1246,Dallas High School,Coca-Cola,Comcast,Nike,Marathon Petroleum,Phillips 66
Barney,1247,Dallas High School,American Express,Best Buy,USAA,Aetna,Exxon Mobil
Delbert,1248,Dallas High School,Time Warner,Caterpillar,Verizon,Marathon Petroleum,Tech Data
Edmond,1249,Dallas High School,Berkshire Hathaway,Aetna,Tyson Foods,Archer Daniels Midland,IBM
Anderson,1250,Dallas High School,Coca-Cola,Charter Communications,Walgreens Boots Alliance,Dell Technologies,Chevron
Christian,1251,Dallas High School,Massachusetts Mutual Life Insurance,Alphabet,Humana,Albertsons Cos.,Sysco
Glenn,1252,Dallas High School,Comcast,Amazon.com,Allstate,Fannie Mae,Oracle
Jefferson,1253,Dallas High School,Liberty Mutual Insurance Group,MetLife,Caterpillar,Centene,American Airlines Group
Luke,1254,Dallas High School,Archer Daniels Midland,Marathon Petroleum,DowDuPont,McKesson,HCA Healthcare
Neal,1255,Dallas High School,Energy Transfer Equity,CVS Health,Tyson Foods,Merck,Ford Motor
Burt,1256,Dallas High School,Phillips 66,Cigna,Wells Fargo,Boeing,AT&T
Ike,1257,Dallas High School,Walmart,Cardinal Health,Lockheed Martin,State Farm Insurance Cos.,PepsiCo
Myron,1258,Dallas High School,General Dynamics,USAA,Berkshire Hathaway,Cisco Systems,Tyson Foods
Tony,1259,Dallas High School,Centene,Cisco Systems,Caterpillar,Bank of America Corp.,Ford Motor
Conrad,1260,Dallas High School,Facebook,CHS,Cigna,Alphabet,Verizon
Joel,1261,Dallas High School,Walgreens Boots Alliance,World Fuel Services,Home Depot,Best Buy,Delta Air Lines
Matt,1262,Dallas High School,Caterpillar,Allstate,USAA,Anthem,Rite Aid
Riley,1263,Dallas High School,Honeywell International,Verizon,ConocoPhillips,Energy Transfer Equity,Morgan Stanley
Vincent,1264,Dallas High School,FedEx,Massachusetts Mutual Life Insurance,ConocoPhillips,IBM,Walmart
Emory,1265,Dallas High School,AIG,Time Warner,Boeing,Freddie Mac,Massachusetts Mutual Life Insurance
Isaiah,1266,Dallas High School,General Electric,Walgreens Boots Alliance,Target,Liberty Mutual Insurance Group,Aetna
Nick,1267,Dallas High School,Comcast,Publix Super Markets,Phillips 66,UnitedHealth Group,ConocoPhillips
Ezra,1268,Dallas High School,FedEx,Sysco,Walgreens Boots Alliance,TIAA,Massachusetts Mutual Life Insurance
Green,1269,Dallas High School,PepsiCo,Target,Cisco Systems,Lowe’s,Charter Communications
Juan,1270,Dallas High School,McKesson,Ford Motor,Comcast,Massachusetts Mutual Life Insurance,TIAA
Clifton,1271,Dallas High School,Prudential Financial,Walmart,AT&T,Ford Motor,Chevron
Lucius,1272,Dallas High School,Walmart,JPMorgan Chase,Ford Motor,Freddie Mac,Coca-Cola
Porter,1273,Dallas High School,Microsoft,AmerisourceBergen,Freddie Mac,Caterpillar,Liberty Mutual Insurance Group
Arnold,1274,Dallas High School,Boeing,TJX,UPS,Energy Transfer Equity,World Fuel Services
Bud,1275,Dallas High School,Goldman Sachs Group,Target,Charter Communications,Nike,Oracle
Jeremiah,1276,Dallas High School,PepsiCo,ConocoPhillips,MetLife,Home Depot,Delta Air Lines
Taylor,1277,Dallas High School,Alphabet,Nike,AmerisourceBergen,Cardinal Health,CHS
Forrest,1278,Dallas High School,Cisco Systems,Microsoft,Massachusetts Mutual Life Insurance,ConocoPhillips,Fannie Mae
Roland,1279,Dallas High School,Lowe’s,Honeywell International,Anthem,Disney,Amazon.com
Spencer,1280,Dallas High School,Target,Amazon.com,ConocoPhillips,Energy Transfer Equity,Lockheed Martin
Burton,1281,Dallas High School,Honeywell International,Freddie Mac,HCA Healthcare,Berkshire Hathaway,Massachusetts Mutual Life Insurance
Don,1282,Dallas High School,New York Life Insurance,Lockheed Martin,Centene,Nike,Procter & Gamble
Emmet,1283,Dallas High School,AT&T,FedEx,State Farm Insurance Cos.,Tyson Foods,Comcast
Gustav,1284,Dallas High School,HCA Healthcare,Wells Fargo,Albertsons Cos.,Goldman Sachs Group,Express Scripts Holding
Louie,1285,Dallas High School,Kroger,Target,General Dynamics,Nationwide,FedEx
Morgan,1286,Dallas High School,General Motors,TJX,Tyson Foods,Costco,Freddie Mac
Ned,1287,Dallas High School,General Dynamics,Albertsons Cos.,Valero Energy,HP,Delta Air Lines
Van,1288,Dallas High School,Anthem,Rite Aid,American Airlines Group,Intel,Microsoft
Ambrose,1289,Dallas High School,McKesson,Express Scripts Holding,HP,Rite Aid,American Express
Chauncey,1290,Dallas High School,Time Warner,Walmart,Lowe’s,AmerisourceBergen,JPMorgan Chase
Elisha,1291,Dallas High School,Goldman Sachs Group,Aetna,Nike,Lowe’s,Amazon.com
Ferdinand,1292,Dallas High School,Fannie Mae,Publix Super Markets,MetLife,Allstate,Freddie Mac
General,1293,Dallas High School,Lockheed Martin,Charter Communications,Nationwide,AT&T,Cisco Systems
Julian,1294,Dallas High School,Nationwide,Centene,Pfizer,Nike,Freddie Mac
Kenneth,1295,Dallas High School,TIAA,Tech Data,Cigna,Chevron,Dell Technologies
Mitchell,1296,Dallas High School,JPMorgan Chase,Costco,Ford Motor,Rite Aid,Target
Allie,1297,Dallas High School,Express Scripts Holding,Centene,Cardinal Health,Berkshire Hathaway,CHS
Josh,1298,Dallas High School,Procter & Gamble,MetLife,TJX,HCA Healthcare,Costco
Judson,1299,Dallas High School,Express Scripts Holding,Rite Aid,Pfizer,Tyson Foods,DowDuPont
Lyman,1300,Dallas High School,3M,AIG,AT&T,Humana,Aetna
Napoleon,1301,Dallas High School,Kroger,McKesson,FedEx,MetLife,Humana
Pedro,1302,Dallas High School,Amazon.com,World Fuel Services,ConocoPhillips,MetLife,American Express
Berry,1303,Dallas High School,Tyson Foods,New York Life Insurance,Lowe’s,Valero Energy,Comcast
Dewitt,1304,Dallas High School,Boeing,McKesson,Facebook,TIAA,Exxon Mobil
Ervin,1305,Dallas High School,Tyson Foods,Publix Super Markets,United Continental Holdings,Anthem,Merck
Forest,1306,Dallas High School,Centene,Lockheed Martin,UPS,Costco,Exxon Mobil
Lynn,1307,Dallas High School,American Airlines Group,Delta Air Lines,Procter & Gamble,AmerisourceBergen,Chevron
Pink,1308,Dallas High School,Time Warner,General Dynamics,AIG,Intel,HCA Healthcare
Ruben,1309,Dallas High School,Centene,AIG,Kroger,MetLife,Exxon Mobil
Sanford,1310,Dallas High School,Time Warner,DowDuPont,Aetna,Prudential Financial,Procter & Gamble
Ward,1311,Dallas High School,Best Buy,Comcast,Goldman Sachs Group,Kroger,World Fuel Services
Douglas,1312,Dallas High School,UPS,Bank of America Corp.,Caterpillar,Morgan Stanley,Oracle
Ole,1313,Dallas High School,Citigroup,Time Warner,Express Scripts Holding,Archer Daniels Midland,FedEx
Omer,1314,Dallas High School,UnitedHealth Group,JPMorgan Chase,Home Depot,Exxon Mobil,Cardinal Health
Ulysses,1315,Dallas High School,Sysco,CVS Health,Cisco Systems,Oracle,Prudential Financial
Walker,1316,Dallas High School,United Continental Holdings,TJX,Alphabet,Rite Aid,Merck
Wilbert,1317,Dallas High School,Citigroup,Archer Daniels Midland,DowDuPont,Home Depot,Aetna
Adelbert,1318,Dallas High School,Comcast,Marathon Petroleum,CVS Health,Archer Daniels Midland,Liberty Mutual Insurance Group
Benjiman,1319,Dallas High School,MetLife,Comcast,AmerisourceBergen,Cardinal Health,State Farm Insurance Cos.
Ivan,1320,Dallas High School,Andeavor,McKesson,Oracle,Nationwide,Rite Aid
Jonas,1321,Dallas High School,AmerisourceBergen,Intel,AT&T,Procter & Gamble,Liberty Mutual Insurance Group
Major,1322,Dallas High School,New York Life Insurance,Exxon Mobil,CHS,UPS,CVS Health
Abner,1323,Dallas High School,Boeing,Pfizer,American Express,Honeywell International,General Electric
Archibald,1324,Dallas High School,CHS,Merck,Disney,Honeywell International,Nationwide
Caleb,1325,Dallas High School,Walgreens Boots Alliance,IBM,Apple,DowDuPont,Tyson Foods
Clint,1326,Dallas High School,Comcast,Verizon,IBM,FedEx,Freddie Mac
Dudley,1327,Dallas High School,Exxon Mobil,Facebook,Publix Super Markets,Morgan Stanley,Citigroup
Granville,1328,Dallas High School,Freddie Mac,Goldman Sachs Group,General Motors,Citigroup,Aetna
King,1329,Dallas High School,Cigna,AIG,World Fuel Services,Oracle,Chevron
Mary,1330,Dallas High School,Intel,FedEx,Sysco,Rite Aid,Cigna
Merton,1331,Dallas High School,Valero Energy,Delta Air Lines,United Technologies,General Electric,Pfizer
Antonio,1332,Dallas High School,Bank of America Corp.,Allstate,Centene,Lowe’s,UPS
Bennie,1333,Dallas High School,Phillips 66,Ford Motor,American Express,Caterpillar,Centene
Carroll,1334,Dallas High School,UPS,Apple,Merck,Allstate,Nationwide
Freeman,1335,Dallas High School,AmerisourceBergen,Freddie Mac,FedEx,Best Buy,CVS Health
Josiah,1336,Dallas High School,United Continental Holdings,Albertsons Cos.,Walgreens Boots Alliance,Publix Super Markets,HP
Milo,1337,Dallas High School,Honeywell International,Phillips 66,Prudential Financial,Amazon.com,FedEx
Royal,1338,Dallas High School,TJX,Alphabet,AT&T,Citigroup,Phillips 66
Dick,1339,Dallas High School,Humana,Freddie Mac,Archer Daniels Midland,McKesson,General Electric
Earle,1340,Dallas High School,DowDuPont,New York Life Insurance,Nike,Massachusetts Mutual Life Insurance,United Continental Holdings
Elza,1341,Dallas High School,Intel,Archer Daniels Midland,CHS,Boeing,Home Depot
Emerson,1342,Dallas High School,USAA,Alphabet,Wells Fargo,Caterpillar,Disney
Fletcher,1343,Dallas High School,Honeywell International,Phillips 66,General Electric,Valero Energy,Sysco
Judge,1344,Dallas High School,American Airlines Group,Freddie Mac,Procter & Gamble,Intel,Caterpillar
Laurence,1345,Dallas High School,AmerisourceBergen,Walmart,FedEx,Fannie Mae,United Continental Holdings
Neil,1346,Dallas High School,Morgan Stanley,United Continental Holdings,UPS,Disney,DowDuPont
Roger,1347,Dallas High School,Microsoft,Energy Transfer Equity,Massachusetts Mutual Life Insurance,Morgan Stanley,General Dynamics
Seth,1348,Dallas High School,Costco,HP,Phillips 66,Wells Fargo,UPS
Glen,1349,Dallas High School,Andeavor,McKesson,Morgan Stanley,Nationwide,New York Life Insurance
Hugo,1350,Dallas High School,World Fuel Services,American Airlines Group,Facebook,USAA,PepsiCo
Jimmie,1351,Dallas High School,Valero Energy,IBM,MetLife,Bank of America Corp.,Ford Motor
Johnnie,1352,Dallas High School,Honeywell International,Amazon.com,HCA Healthcare,Wells Fargo,Archer Daniels Midland
Washington,1353,Dallas High School,Cardinal Health,Phillips 66,Ford Motor,Lowe’s,AT&T
Elwood,1354,Dallas High School,Express Scripts Holding,Exxon Mobil,Liberty Mutual Insurance Group,AIG,Boeing
Gust,1355,Dallas High School,Wells Fargo,3M,Charter Communications,Ford Motor,TIAA
Harmon,1356,Dallas High School,General Motors,Walmart,Centene,Freddie Mac,New York Life Insurance
Jordan,1357,Dallas High School,CVS Health,DowDuPont,Pfizer,Intel,Lockheed Martin
Simeon,1358,Dallas High School,American Airlines Group,CVS Health,Andeavor,PepsiCo,Best Buy
Wayne,1359,Dallas High School,Nationwide,Comcast,Cardinal Health,Prudential Financial,MetLife
Wilber,1360,Dallas High School,Target,Fannie Mae,Marathon Petroleum,Facebook,Anthem
Clem,1361,Dallas High School,USAA,3M,Ford Motor,AT&T,Dell Technologies
Evan,1362,Dallas High School,Honeywell International,Lockheed Martin,Cardinal Health,FedEx,American Express
Frederic,1363,Dallas High School,Facebook,Citigroup,Oracle,FedEx,World Fuel Services
Irwin,1364,Dallas High School,Cigna,Lockheed Martin,Prudential Financial,Wells Fargo,Verizon
Junius,1365,Dallas High School,Tyson Foods,Rite Aid,CVS Health,CHS,Boeing
Lafayette,1366,Dallas High School,Time Warner,Lockheed Martin,Honeywell International,Exxon Mobil,CHS
Loren,1367,Dallas High School,Amazon.com,Citigroup,Marathon Petroleum,American Airlines Group,Cardinal Health
Madison,1368,Dallas High School,Allstate,Energy Transfer Equity,Fannie Mae,Centene,Boeing
Mason,1369,Dallas High School,Prudential Financial,Liberty Mutual Insurance Group,United Continental Holdings,Time Warner,Archer Daniels Midland
Orval,1370,Dallas High School,Phillips 66,Andeavor,Lockheed Martin,Centene,Wells Fargo
Abram,1371,Dallas High School,Albertsons Cos.,PepsiCo,Amazon.com,Humana,Cardinal Health
Aubrey,1372,Dallas High School,Phillips 66,Ford Motor,Kroger,Procter & Gamble,3M
Elliott,1373,Dallas High School,Fannie Mae,Amazon.com,General Motors,Cisco Systems,Delta Air Lines
Hans,1374,Dallas High School,Berkshire Hathaway,Tyson Foods,General Motors,Publix Super Markets,CHS
Karl,1375,Dallas High School,FedEx,Merck,Target,American Airlines Group,Aetna
Minor,1376,Dallas High School,DowDuPont,Cisco Systems,Lowe’s,CHS,Caterpillar
Wash,1377,Dallas High School,Boeing,Costco,Berkshire Hathaway,HCA Healthcare,Coca-Cola
Wilfred,1378,Dallas High School,AIG,Charter Communications,Exxon Mobil,Honeywell International,Lowe’s
Allan,1379,Dallas High School,General Motors,American Airlines Group,PepsiCo,General Dynamics,FedEx
Alphonse,1380,Dallas High School,Caterpillar,Cardinal Health,Tyson Foods,TJX,Valero Energy
Dallas,1381,Dallas High School,Honeywell International,Exelon,World Fuel Services,Aetna,Johnson & Johnson
Dee,1382,Dallas High School,Intel,McKesson,JPMorgan Chase,General Motors,AIG
Isiah,1383,Dallas High School,Archer Daniels Midland,AIG,Publix Super Markets,Walgreens Boots Alliance,Anthem
Jason,1384,Dallas High School,Bank of America Corp.,TIAA,Freddie Mac,Phillips 66,ConocoPhillips
Johnny,1385,Dallas High School,HP,Disney,Walgreens Boots Alliance,AIG,Citigroup
Lawson,1386,Dallas High School,Verizon,Procter & Gamble,Anthem,ConocoPhillips,Lockheed Martin
Lew,1387,Dallas High School,Best Buy,Marathon Petroleum,PepsiCo,HP,CHS
Micheal,1388,Dallas High School,Lockheed Martin,Bank of America Corp.,Aetna,HP,General Electric
Orin,1389,Dallas High School,State Farm Insurance Cos.,Amazon.com,AmerisourceBergen,Bank of America Corp.,General Electric
Addison,1390,Dallas High School,Nationwide,Procter & Gamble,Wells Fargo,State Farm Insurance Cos.,Ford Motor
Cal,1391,Dallas High School,Coca-Cola,Kroger,Apple,Delta Air Lines,Bank of America Corp.
Erastus,1392,Dallas High School,AIG,Apple,Prudential Financial,Andeavor,Ford Motor
Francisco,1393,Dallas High School,Albertsons Cos.,Tyson Foods,CHS,FedEx,Walgreens Boots Alliance
Hardy,1394,Dallas High School,Comcast,Sysco,Goldman Sachs Group,Microsoft,Allstate
Lucien,1395,Dallas High School,HP,TIAA,Verizon,Phillips 66,Publix Super Markets
Randolph,1396,Dallas High School,Marathon Petroleum,AmerisourceBergen,UnitedHealth Group,UPS,Johnson & Johnson
Stewart,1397,Dallas High School,Marathon Petroleum,Nike,General Motors,American Express,Berkshire Hathaway
Vern,1398,Dallas High School,Microsoft,Alphabet,Cisco Systems,Walmart,Procter & Gamble
Wilmer,1399,Dallas High School,Walmart,Delta Air Lines,Pfizer,Andeavor,Caterpillar
Zack,1400,Dallas High School,Boeing,World Fuel Services,AIG,Johnson & Johnson,HP
Adrian,1401,Dallas High School,Valero Energy,Verizon,AT&T,Amazon.com,Microsoft
Alvah,1402,Dallas High School,Time Warner,United Continental Holdings,Nationwide,TIAA,Walmart
Bertram,1403,Dallas High School,Rite Aid,Fannie Mae,American Express,3M,Exxon Mobil
Clay,1404,Dallas High School,Merck,Fannie Mae,Costco,Archer Daniels Midland,AT&T
Ephraim,1405,Dallas High School,Ford Motor,Cardinal Health,Rite Aid,Morgan Stanley,Exelon
Fritz,1406,Dallas High School,JPMorgan Chase,Intel,Valero Energy,Walmart,American Airlines Group
Giles,1407,Dallas High School,ConocoPhillips,Allstate,Prudential Financial,Centene,TIAA
Grover,1408,Dallas High School,Comcast,3M,Disney,Liberty Mutual Insurance Group,Citigroup
Harris,1409,Dallas High School,Alphabet,Exxon Mobil,TJX,Caterpillar,Intel
Isom,1410,Dallas High School,Amazon.com,Pfizer,MetLife,Lowe’s,American Airlines Group
Jesus,1411,Dallas High School,Procter & Gamble,Merck,TIAA,Publix Super Markets,Honeywell International
Johnie,1412,Dallas High School,Marathon Petroleum,Phillips 66,TJX,McKesson,Delta Air Lines
Jonathan,1413,Dallas High School,Coca-Cola,Amazon.com,Best Buy,Morgan Stanley,New York Life Insurance
Lucian,1414,Dallas High School,DowDuPont,IBM,Valero Energy,Lockheed Martin,Marathon Petroleum
Malcolm,1415,Dallas High School,JPMorgan Chase,Citigroup,Disney,Centene,Chevron
Merritt,1416,Dallas High School,JPMorgan Chase,Honeywell International,Alphabet,Merck,New York Life Insurance
Otho,1417,Dallas High School,Oracle,Intel,Verizon,Microsoft,Alphabet
Perley,1418,Dallas High School,Anthem,Cigna,World Fuel Services,Citigroup,Boeing
Rolla,1419,Dallas High School,Valero Energy,Oracle,Kroger,American Airlines Group,Allstate
Sandy,1420,Dallas High School,General Dynamics,Microsoft,Aetna,General Motors,Publix Super Markets
Tomas,1421,Dallas High School,UPS,Goldman Sachs Group,Energy Transfer Equity,Walgreens Boots Alliance,Delta Air Lines
Wilford,1422,Dallas High School,UPS,Publix Super Markets,USAA,General Motors,American Express
Adolphus,1423,Dallas High School,Delta Air Lines,Walmart,DowDuPont,Charter Communications,Allstate
Angus,1424,Dallas High School,DowDuPont,Caterpillar,American Express,Apple,State Farm Insurance Cos.
Arther,1425,Dallas High School,Freddie Mac,UPS,Microsoft,Rite Aid,HCA Healthcare
Carlos,1426,Dallas High School,Allstate,Goldman Sachs Group,Andeavor,Coca-Cola,MetLife
Cary,1427,Dallas High School,Caterpillar,Boeing,ConocoPhillips,Oracle,Coca-Cola
Cassius,1428,Dallas High School,American Airlines Group,AmerisourceBergen,Amazon.com,Andeavor,Valero Energy
Davis,1429,Dallas High School,Procter & Gamble,United Continental Holdings,Caterpillar,Morgan Stanley,Freddie Mac
Hamilton,1430,Dallas High School,CHS,General Motors,UnitedHealth Group,American Airlines Group,Walgreens Boots Alliance
Harve,1431,Dallas High School,Time Warner,General Electric,JPMorgan Chase,Albertsons Cos.,Archer Daniels Midland
Israel,1432,Dallas High School,Archer Daniels Midland,Allstate,UnitedHealth Group,IBM,ConocoPhillips
Leander,1433,Dallas High School,Goldman Sachs Group,TJX,General Dynamics,Verizon,Walgreens Boots Alliance
Melville,1434,Dallas High School,Nike,Johnson & Johnson,Aetna,Facebook,DowDuPont
Merle,1435,Dallas High School,Ford Motor,Humana,Citigroup,Prudential Financial,Delta Air Lines
Murray,1436,Dallas High School,Apple,Andeavor,Costco,ConocoPhillips,American Express
Pleasant,1437,Dallas High School,General Dynamics,Publix Super Markets,Nike,Rite Aid,Verizon
Sterling,1438,Dallas High School,Albertsons Cos.,Ford Motor,Tech Data,Prudential Financial,Goldman Sachs Group
Steven,1439,Dallas High School,Comcast,Exxon Mobil,TIAA,Nike,Cardinal Health
Axel,1440,Dallas High School,CHS,Centene,Walmart,3M,Publix Super Markets
Boyd,1441,Dallas High School,Procter & Gamble,Honeywell International,Exelon,Express Scripts Holding,World Fuel Services
Bryant,1442,Dallas High School,General Dynamics,Boeing,AmerisourceBergen,CVS Health,American Express
Clement,1443,Dallas High School,JPMorgan Chase,Berkshire Hathaway,Allstate,Alphabet,Target
Erwin,1444,Dallas High School,Anthem,ConocoPhillips,Goldman Sachs Group,Intel,Prudential Financial
Ezekiel,1445,Dallas High School,Prudential Financial,Express Scripts Holding,Walmart,Lockheed Martin,ConocoPhillips
Foster,1446,Dallas High School,Verizon,Alphabet,Nike,Cisco Systems,Exxon Mobil
Frances,1447,Dallas High School,American Express,HCA Healthcare,Massachusetts Mutual Life Insurance,TIAA,Oracle
Geo,1448,Dallas High School,UPS,Costco,General Motors,State Farm Insurance Cos.,Bank of America Corp.
Houston,1449,Dallas High School,Aetna,Valero Energy,CVS Health,Archer Daniels Midland,Johnson & Johnson
Issac,1450,Dallas High School,American Express,Anthem,Nationwide,TIAA,IBM
Jules,1451,Dallas High School,AT&T,Wells Fargo,Prudential Financial,Anthem,Cardinal Health
Larkin,1452,Dallas High School,McKesson,Ford Motor,Freddie Mac,State Farm Insurance Cos.,USAA
Mat,1453,Dallas High School,Honeywell International,Kroger,Dell Technologies,UPS,Allstate
Morton,1454,Dallas High School,Humana,General Dynamics,Sysco,Facebook,Ford Motor
Orlando,1455,Dallas High School,MetLife,Pfizer,Goldman Sachs Group,UnitedHealth Group,Berkshire Hathaway
Pierce,1456,Dallas High School,Johnson & Johnson,Andeavor,HP,Alphabet,Tyson Foods
Prince,1457,Dallas High School,Apple,Delta Air Lines,Fannie Mae,Publix Super Markets,Nike
Rollie,1458,Dallas High School,Morgan Stanley,3M,IBM,Energy Transfer Equity,Costco
Rollin,1459,Dallas High School,Coca-Cola,MetLife,TIAA,Verizon,General Electric
Sim,1460,Dallas High School,Verizon,Honeywell International,Pfizer,General Motors,Procter & Gamble
Stuart,1461,Dallas High School,General Electric,Fannie Mae,Ford Motor,Costco,Albertsons Cos.
Wilburn,1462,Dallas High School,TJX,American Airlines Group,State Farm Insurance Cos.,Home Depot,General Motors
Bennett,1463,Dallas High School,TIAA,Cisco Systems,New York Life Insurance,Exxon Mobil,Citigroup
Casper,1464,Dallas High School,Citigroup,Tyson Foods,Aetna,Sysco,Intel
Christ,1465,Dallas High School,CVS Health,Microsoft,Procter & Gamble,General Motors,Allstate
Dell,1466,Dallas High School,Oracle,Nike,Anthem,Fannie Mae,Phillips 66
Egbert,1467,Dallas High School,Cardinal Health,Nationwide,JPMorgan Chase,Anthem,CHS
Elmo,1468,Dallas High School,Cigna,Nationwide,Bank of America Corp.,Exelon,General Dynamics
Fay,1469,Dallas High School,Procter & Gamble,Sysco,Tyson Foods,Caterpillar,Facebook
Gabriel,1470,Dallas High School,AIG,AT&T,ConocoPhillips,HP,Home Depot
Hector,1471,Dallas High School,USAA,Albertsons Cos.,ConocoPhillips,Caterpillar,Freddie Mac
Horatio,1472,Dallas High School,PepsiCo,Time Warner,Bank of America Corp.,Boeing,Archer Daniels Midland
Lige,1473,Dallas High School,General Dynamics,Costco,Pfizer,Johnson & Johnson,Wells Fargo
Saul,1474,Dallas High School,General Electric,Delta Air Lines,Honeywell International,Walmart,Albertsons Cos.
Smith,1475,Dallas High School,Fannie Mae,Berkshire Hathaway,Time Warner,TJX,3M
Squire,1476,Dallas High School,Walgreens Boots Alliance,Lockheed Martin,Rite Aid,Aetna,Phillips 66
Tobe,1477,Dallas High School,Albertsons Cos.,Exxon Mobil,Wells Fargo,Freddie Mac,Walgreens Boots Alliance
Tommie,1478,Dallas High School,General Dynamics,Sysco,HCA Healthcare,Energy Transfer Equity,AIG
Wyatt,1479,Dallas High School,Boeing,Merck,Lockheed Martin,CVS Health,Cisco Systems
Alford,1480,Dallas High School,Pfizer,Albertsons Cos.,Goldman Sachs Group,Procter & Gamble,Best Buy
Alma,1481,Dallas High School,Lowe’s,DowDuPont,Alphabet,Citigroup,UnitedHealth Group
Alton,1482,Dallas High School,AT&T,Tyson Foods,Boeing,Dell Technologies,General Motors
Andres,1483,Dallas High School,AT&T,Aetna,Procter & Gamble,Oracle,General Motors
Burl,1484,Dallas High School,General Dynamics,McKesson,Intel,Amazon.com,Kroger
Cicero,1485,Dallas High School,Exxon Mobil,Walgreens Boots Alliance,New York Life Insurance,Best Buy,UnitedHealth Group
Dean,1486,Dallas High School,Goldman Sachs Group,Exxon Mobil,Cardinal Health,IBM,Berkshire Hathaway
Dorsey,1487,Dallas High School,Walgreens Boots Alliance,CHS,Publix Super Markets,Sysco,Home Depot
Enos,1488,Dallas High School,Citigroup,PepsiCo,ConocoPhillips,Microsoft,Anthem
Howell,1489,Dallas High School,Citigroup,Costco,United Continental Holdings,Honeywell International,Phillips 66
Lou,1490,Dallas High School,Allstate,Publix Super Markets,Cisco Systems,Tech Data,Goldman Sachs Group
Loyd,1491,Dallas High School,Allstate,Albertsons Cos.,Chevron,Boeing,Walmart
Mahlon,1492,Dallas High School,Archer Daniels Midland,Sysco,UnitedHealth Group,Procter & Gamble,Fannie Mae
Nat,1493,Dallas High School,Albertsons Cos.,Intel,Boeing,Bank of America Corp.,Nike
Omar,1494,Dallas High School,AIG,New York Life Insurance,Tech Data,Cardinal Health,USAA
Oran,1495,Dallas High School,UnitedHealth Group,Citigroup,Johnson & Johnson,HP,Costco
Parker,1496,Dallas High School,Honeywell International,Exxon Mobil,Tech Data,Walgreens Boots Alliance,Goldman Sachs Group
Raleigh,1497,Dallas High School,Publix Super Markets,Dell Technologies,Anthem,Walmart,Honeywell International
Reginald,1498,Dallas High School,DowDuPont,Cigna,Citigroup,Lowe’s,Exelon
Stella,1499,Dallas High School,3M,TIAA,HP,Verizon,AT&T
Sallie,1500,Dallas High School,Honeywell International,Humana,Centene,Amazon.com,Citigroup
Nettie,1501,Dallas High School,TIAA,Freddie Mac,World Fuel Services,USAA,AmerisourceBergen
Etta,1502,Dallas High School,Citigroup,Cardinal Health,Centene,General Electric,Delta Air Lines
Harriet,1503,Dallas High School,Cisco Systems,Kroger,UnitedHealth Group,MetLife,UPS
Sadie,1504,Dallas High School,United Continental Holdings,Honeywell International,Costco,IBM,Exelon
Katie,1505,Dallas High School,American Express,Caterpillar,Apple,Walgreens Boots Alliance,Nationwide
Lydia,1506,Dallas High School,DowDuPont,Amazon.com,AT&T,Goldman Sachs Group,Facebook
Kate,1507,Dallas High School,Prudential Financial,Rite Aid,Verizon,General Electric,Merck
Mollie,1508,Dallas High School,Phillips 66,Anthem,Charter Communications,United Technologies,USAA
Lulu,1509,Dallas High School,Energy Transfer Equity,UnitedHealth Group,United Technologies,Wells Fargo,TIAA
Nannie,1510,Dallas High School,Nationwide,Intel,Publix Super Markets,Freddie Mac,CHS
Lottie,1511,Dallas High School,Aetna,Tech Data,Cisco Systems,Marathon Petroleum,World Fuel Services
Belle,1512,Dallas High School,General Motors,Kroger,Honeywell International,Lockheed Martin,United Continental Holdings
Charlotte,1513,Dallas High School,Dell Technologies,AIG,Johnson & Johnson,American Airlines Group,AT&T
Amelia,1514,Dallas High School,Valero Energy,McKesson,Lowe’s,Walmart,Delta Air Lines
Hannah,1515,Dallas High School,Merck,Procter & Gamble,Archer Daniels Midland,American Express,FedEx
Jane,1516,Dallas High School,DowDuPont,Fannie Mae,Allstate,Oracle,Charter Communications
Emily,1517,Dallas High School,Citigroup,UnitedHealth Group,State Farm Insurance Cos.,Massachusetts Mutual Life Insurance,Kroger
Matilda,1518,Dallas High School,Home Depot,Alphabet,Ford Motor,Disney,3M
Henrietta,1519,Dallas High School,Oracle,American Airlines Group,Merck,FedEx,McKesson
Sara,1520,Dallas High School,Tech Data,Allstate,TJX,Exelon,Centene
Estella,1521,Dallas High School,Procter & Gamble,Bank of America Corp.,Valero Energy,Home Depot,FedEx
Theresa,1522,Dallas High School,Nationwide,Coca-Cola,General Electric,3M,FedEx
Josie,1523,Dallas High School,Chevron,Facebook,UPS,3M,HP
Sophia,1524,Dallas High School,Berkshire Hathaway,MetLife,Albertsons Cos.,UPS,3M
Anne,1525,Dallas High School,United Continental Holdings,Ford Motor,MetLife,ConocoPhillips,AT&T
Delia,1526,Dallas High School,General Motors,Honeywell International,Phillips 66,Delta Air Lines,Rite Aid
Louisa,1527,Dallas High School,Humana,FedEx,Tech Data,AmerisourceBergen,Oracle
Mayme,1528,Dallas High School,Alphabet,AIG,USAA,Nationwide,McKesson
Estelle,1529,Dallas High School,Archer Daniels Midland,Massachusetts Mutual Life Insurance,Liberty Mutual Insurance Group,Merck,Costco
Nina,1530,Dallas High School,Anthem,General Motors,CHS,Cisco Systems,Humana
Bettie,1531,Dallas High School,IBM,Sysco,Nike,Ford Motor,Humana
Luella,1532,Dallas High School,Johnson & Johnson,PepsiCo,World Fuel Services,Allstate,Energy Transfer Equity
Inez,1533,Dallas High School,Centene,Walmart,Lowe’s,Microsoft,Kroger
Lela,1534,Dallas High School,Bank of America Corp.,Oracle,3M,Nike,Walgreens Boots Alliance
Rosie,1535,Dallas High School,Walgreens Boots Alliance,American Express,Phillips 66,Ford Motor,Berkshire Hathaway
Millie,1536,Dallas High School,American Airlines Group,Charter Communications,United Continental Holdings,Ford Motor,JPMorgan Chase
Janie,1537,Dallas High School,Cardinal Health,Cigna,Exelon,Best Buy,Freddie Mac
Cornelia,1538,Dallas High School,Home Depot,World Fuel Services,Caterpillar,Phillips 66,Microsoft
Victoria,1539,Dallas High School,Archer Daniels Midland,Chevron,UnitedHealth Group,Publix Super Markets,AmerisourceBergen
Celia,1540,Dallas High School,Albertsons Cos.,Honeywell International,Tech Data,Microsoft,Walmart
Christine,1541,Dallas High School,Costco,Facebook,Walmart,New York Life Insurance,Target
Birdie,1542,Dallas High School,Johnson & Johnson,Archer Daniels Midland,3M,General Motors,HP
Harriett,1543,Dallas High School,Dell Technologies,Comcast,Cardinal Health,General Electric,Boeing
Mable,1544,Dallas High School,Best Buy,ConocoPhillips,Procter & Gamble,FedEx,CVS Health
Myra,1545,Dallas High School,Aetna,Exelon,Charter Communications,Humana,PepsiCo
Sophie,1546,Dallas High School,Intel,Chevron,DowDuPont,USAA,CVS Health
Tillie,1547,Dallas High School,Bank of America Corp.,UPS,State Farm Insurance Cos.,General Electric,Oracle
Isabel,1548,Dallas High School,Ford Motor,Sysco,3M,Kroger,Archer Daniels Midland
Sylvia,1549,Dallas High School,USAA,World Fuel Services,Nationwide,Time Warner,CVS Health
Isabelle,1550,Dallas High School,Prudential Financial,Procter & Gamble,Amazon.com,TJX,Morgan Stanley
Leila,1551,Dallas High School,MetLife,TJX,Goldman Sachs Group,Boeing,Merck
Sally,1552,Dallas High School,TIAA,AIG,Cisco Systems,Massachusetts Mutual Life Insurance,Exxon Mobil
Ina,1553,Dallas High School,Albertsons Cos.,Merck,Anthem,Boeing,State Farm Insurance Cos.
Nell,1554,Dallas High School,Express Scripts Holding,Kroger,United Continental Holdings,Cardinal Health,Home Depot
Alberta,1555,Dallas High School,Intel,Comcast,Disney,Fannie Mae,TIAA
Katharine,1556,Dallas High School,Intel,Humana,Time Warner,Wells Fargo,Exelon
Rena,1557,Dallas High School,Ford Motor,Pfizer,Aetna,Goldman Sachs Group,Procter & Gamble
Mina,1558,Dallas High School,AmerisourceBergen,Citigroup,Rite Aid,ConocoPhillips,Coca-Cola
Mathilda,1559,Dallas High School,American Airlines Group,Exelon,General Motors,Caterpillar,New York Life Insurance
Dollie,1560,Dallas High School,Rite Aid,Massachusetts Mutual Life Insurance,Morgan Stanley,Anthem,Archer Daniels Midland
Hettie,1561,Dallas High School,HP,Freddie Mac,TJX,AIG,Johnson & Johnson
Fanny,1562,Dallas High School,Caterpillar,Walgreens Boots Alliance,CHS,Tech Data,Microsoft
Lenora,1563,Dallas High School,FedEx,TIAA,Costco,Centene,AmerisourceBergen
Adelaide,1564,Dallas High School,Humana,HP,Tech Data,Exxon Mobil,United Continental Holdings
Lelia,1565,Dallas High School,TJX,Morgan Stanley,Archer Daniels Midland,Best Buy,CVS Health
Nelle,1566,Dallas High School,Chevron,Allstate,Nationwide,Best Buy,Freddie Mac
Sue,1567,Dallas High School,Humana,Coca-Cola,Berkshire Hathaway,TJX,Target
Johanna,1568,Dallas High School,Archer Daniels Midland,Best Buy,Exxon Mobil,Freddie Mac,Lowe’s
Lilly,1569,Dallas High School,General Electric,Time Warner,McKesson,Cisco Systems,General Dynamics
Lucinda,1570,Dallas High School,Lowe’s,Best Buy,Humana,HP,Wells Fargo
Minerva,1571,Dallas High School,Kroger,General Electric,Express Scripts Holding,Procter & Gamble,USAA
Lettie,1572,Dallas High School,UnitedHealth Group,Tech Data,Marathon Petroleum,Boeing,Coca-Cola
Roxie,1573,Dallas High School,Marathon Petroleum,Cisco Systems,3M,Honeywell International,Andeavor
Helena,1574,Dallas High School,Massachusetts Mutual Life Insurance,Intel,Home Depot,Microsoft,Best Buy
Hilda,1575,Dallas High School,Apple,TJX,Exxon Mobil,Morgan Stanley,Dell Technologies
Hulda,1576,Dallas High School,Tyson Foods,Amazon.com,Archer Daniels Midland,Goldman Sachs Group,Bank of America Corp.
Genevieve,1577,Dallas High School,State Farm Insurance Cos.,DowDuPont,Boeing,AT&T,Berkshire Hathaway
Cordelia,1578,Dallas High School,United Technologies,Allstate,Lowe’s,General Electric,Apple
Jeanette,1579,Dallas High School,Home Depot,Best Buy,TIAA,Morgan Stanley,HCA Healthcare
Adeline,1580,Dallas High School,Centene,Honeywell International,DowDuPont,Exxon Mobil,Merck
Leah,1581,Dallas High School,American Express,Target,General Dynamics,Verizon,General Motors
Lura,1582,Dallas High School,Lockheed Martin,Amazon.com,Cigna,Goldman Sachs Group,Walmart
Mittie,1583,Dallas High School,TIAA,New York Life Insurance,Pfizer,Honeywell International,McKesson
Isabella,1584,Dallas High School,Walmart,Merck,World Fuel Services,Disney,Procter & Gamble
Olga,1585,Dallas High School,McKesson,Fannie Mae,Cardinal Health,Lowe’s,Centene
Phoebe,1586,Dallas High School,Pfizer,3M,Allstate,Microsoft,Sysco
Teresa,1587,Dallas High School,Wells Fargo,Berkshire Hathaway,Allstate,Lowe’s,Cisco Systems
Lida,1588,Dallas High School,Chevron,Apple,Charter Communications,Tech Data,ConocoPhillips
Lina,1589,Dallas High School,Dell Technologies,Morgan Stanley,Honeywell International,Facebook,Centene
Marguerite,1590,Dallas High School,Liberty Mutual Insurance Group,Kroger,Time Warner,Cardinal Health,Exxon Mobil
Claudia,1591,Dallas High School,Delta Air Lines,Johnson & Johnson,Procter & Gamble,Liberty Mutual Insurance Group,Verizon
Cecelia,1592,Dallas High School,Energy Transfer Equity,Delta Air Lines,Caterpillar,Nike,CVS Health
Bess,1593,Dallas High School,MetLife,Cardinal Health,Disney,Nike,Centene
Emilie,1594,Dallas High School,United Continental Holdings,Tyson Foods,Comcast,Rite Aid,Coca-Cola
Rosetta,1595,Dallas High School,Express Scripts Holding,UPS,TJX,FedEx,TIAA
Myrtie,1596,Dallas High School,Chevron,JPMorgan Chase,Citigroup,Comcast,New York Life Insurance
Cecilia,1597,Dallas High School,Albertsons Cos.,Aetna,World Fuel Services,Energy Transfer Equity,United Continental Holdings
Olivia,1598,Dallas High School,Best Buy,Citigroup,Delta Air Lines,Chevron,3M
Ophelia,1599,Dallas High School,FedEx,Alphabet,AT&T,USAA,Boeing
Elnora,1600,Dallas High School,Nationwide,Time Warner,General Dynamics,Marathon Petroleum,Walmart
Violet,1601,Dallas High School,AIG,Anthem,State Farm Insurance Cos.,PepsiCo,Albertsons Cos.
Adele,1602,Dallas High School,Walgreens Boots Alliance,Ford Motor,Citigroup,JPMorgan Chase,Comcast
Lily,1603,Dallas High School,Albertsons Cos.,Humana,Verizon,PepsiCo,Disney
Loretta,1604,Dallas High School,Intel,Amazon.com,Johnson & Johnson,Goldman Sachs Group,Energy Transfer Equity
Madge,1605,Dallas High School,CVS Health,Kroger,HP,Target,Aetna
Polly,1606,Dallas High School,Honeywell International,ConocoPhillips,UPS,Oracle,Express Scripts Holding
Eugenia,1607,Dallas High School,Energy Transfer Equity,Valero Energy,JPMorgan Chase,Fannie Mae,Nike
Lucile,1608,Dallas High School,Aetna,DowDuPont,Cigna,Bank of America Corp.,Home Depot
Mabelle,1609,Dallas High School,Tyson Foods,United Technologies,Disney,MetLife,Fannie Mae
Rosalie,1610,Dallas High School,Dell Technologies,Express Scripts Holding,Lockheed Martin,Home Depot,JPMorgan Chase
Kittie,1611,Dallas High School,United Technologies,World Fuel Services,Walmart,Comcast,Publix Super Markets
Meta,1612,Dallas High School,Prudential Financial,Exelon,Microsoft,Berkshire Hathaway,General Dynamics
Angie,1613,Dallas High School,HCA Healthcare,Nationwide,Marathon Petroleum,Dell Technologies,Albertsons Cos.
Georgiana,1614,Dallas High School,Freddie Mac,Ford Motor,Publix Super Markets,Microsoft,Chevron
Lila,1615,Dallas High School,Time Warner,Andeavor,Procter & Gamble,Nike,DowDuPont
Regina,1616,Dallas High School,Cardinal Health,Anthem,Berkshire Hathaway,CHS,Fannie Mae
Selma,1617,Dallas High School,Lowe’s,Centene,Verizon,State Farm Insurance Cos.,Facebook
Wilhelmina,1618,Dallas High School,Costco,Berkshire Hathaway,Kroger,Delta Air Lines,Nike
Bridget,1619,Dallas High School,Prudential Financial,Publix Super Markets,Exelon,Intel,PepsiCo
Lilla,1620,Dallas High School,Walmart,Humana,United Continental Holdings,IBM,Lockheed Martin
Malinda,1621,Dallas High School,American Airlines Group,Publix Super Markets,AmerisourceBergen,AIG,Aetna
Vina,1622,Dallas High School,United Continental Holdings,Procter & Gamble,UnitedHealth Group,HCA Healthcare,Time Warner
Freda,1623,Dallas High School,Johnson & Johnson,Coca-Cola,New York Life Insurance,Pfizer,CHS
Gertie,1624,Dallas High School,Home Depot,Archer Daniels Midland,Exxon Mobil,HP,PepsiCo
Jeannette,1625,Dallas High School,3M,United Technologies,Target,Costco,Berkshire Hathaway
Louella,1626,Dallas High School,AmerisourceBergen,IBM,Aetna,Oracle,Archer Daniels Midland
Mandy,1627,Dallas High School,Comcast,General Dynamics,AmerisourceBergen,Cigna,HP
Roberta,1628,Dallas High School,Humana,Chevron,Publix Super Markets,Phillips 66,Ford Motor
Corinne,1629,Dallas High School,Express Scripts Holding,General Electric,Valero Energy,TIAA,Exxon Mobil
Lyda,1630,Dallas High School,JPMorgan Chase,Home Depot,UPS,Comcast,CVS Health
Naomi,1631,Dallas High School,Coca-Cola,AIG,New York Life Insurance,Chevron,Marathon Petroleum
Norma,1632,Dallas High School,Intel,Goldman Sachs Group,Verizon,United Continental Holdings,Time Warner
Margie,1633,Dallas High School,Walgreens Boots Alliance,PepsiCo,Publix Super Markets,Alphabet,Aetna
Nona,1634,Dallas High School,Cardinal Health,Ford Motor,Costco,Anthem,Lockheed Martin
Zella,1635,Dallas High School,Lockheed Martin,Ford Motor,Allstate,HCA Healthcare,Coca-Cola
Dovie,1636,Dallas High School,Albertsons Cos.,Citigroup,Intel,Johnson & Johnson,3M
Elvira,1637,Dallas High School,Sysco,Cisco Systems,Albertsons Cos.,FedEx,AT&T
Erma,1638,Dallas High School,PepsiCo,Dell Technologies,Honeywell International,Nationwide,Goldman Sachs Group
Irma,1639,Dallas High School,UnitedHealth Group,Tech Data,PepsiCo,IBM,Chevron
Leota,1640,Dallas High School,United Continental Holdings,Aetna,PepsiCo,Chevron,Intel
Blanch,1641,Dallas High School,DowDuPont,Target,United Technologies,Delta Air Lines,Energy Transfer Equity
Charity,1642,Dallas High School,Merck,Goldman Sachs Group,Allstate,Boeing,Centene
Lorena,1643,Dallas High School,Walmart,American Airlines Group,Bank of America Corp.,General Electric,Albertsons Cos.
Lucretia,1644,Dallas High School,Phillips 66,Andeavor,American Express,AT&T,Archer Daniels Midland
Orpha,1645,Dallas High School,Comcast,Energy Transfer Equity,General Motors,Publix Super Markets,Microsoft
Alvina,1646,Dallas High School,3M,Apple,Nationwide,Dell Technologies,Exelon
Annette,1647,Dallas High School,AIG,IBM,United Continental Holdings,Kroger,Publix Super Markets
Catharine,1648,Dallas High School,Exxon Mobil,General Electric,United Continental Holdings,Nike,State Farm Insurance Cos.
Elma,1649,Dallas High School,United Technologies,Intel,TIAA,PepsiCo,Freddie Mac
Geneva,1650,Dallas High School,Facebook,AIG,Valero Energy,Anthem,Time Warner
Leora,1651,Dallas High School,Nike,JPMorgan Chase,General Motors,USAA,Berkshire Hathaway
Lona,1652,Dallas High School,Citigroup,AIG,Rite Aid,Humana,3M
Miriam,1653,Dallas High School,Costco,World Fuel Services,HCA Healthcare,Comcast,Goldman Sachs Group
Zora,1654,Dallas High School,IBM,Allstate,Goldman Sachs Group,Humana,Phillips 66
Octavia,1655,Dallas High School,Chevron,Oracle,IBM,Home Depot,CVS Health
Sudie,1656,Dallas High School,HP,Merck,Honeywell International,Prudential Financial,Morgan Stanley
Zula,1657,Dallas High School,Energy Transfer Equity,Andeavor,3M,Fannie Mae,General Motors
Adella,1658,Dallas High School,Nationwide,Cigna,Liberty Mutual Insurance Group,Disney,Procter & Gamble
Frieda,1659,Dallas High School,Pfizer,Liberty Mutual Insurance Group,Dell Technologies,American Express,Energy Transfer Equity
Joanna,1660,Dallas High School,Kroger,General Electric,World Fuel Services,JPMorgan Chase,Pfizer
Leonora,1661,Dallas High School,Chevron,Apple,Oracle,HCA Healthcare,Comcast
Priscilla,1662,Dallas High School,Merck,Massachusetts Mutual Life Insurance,Cigna,Rite Aid,Anthem
Tennie,1663,Dallas High School,Oracle,Charter Communications,Walmart,Aetna,Centene
Angeline,1664,Dallas High School,JPMorgan Chase,Valero Energy,Lockheed Martin,Walmart,Centene
Docia,1665,Dallas High School,AmerisourceBergen,Apple,McKesson,Amazon.com,Procter & Gamble
Ettie,1666,Dallas High School,Allstate,Centene,Verizon,General Motors,Procter & Gamble
Flossie,1667,Dallas High School,Energy Transfer Equity,Facebook,Fannie Mae,Andeavor,JPMorgan Chase
Hanna,1668,Dallas High School,Time Warner,Exelon,USAA,Kroger,Phillips 66
Letha,1669,Dallas High School,American Airlines Group,FedEx,Microsoft,Target,Procter & Gamble
Minta,1670,Dallas High School,Humana,AmerisourceBergen,AIG,Facebook,Energy Transfer Equity
Retta,1671,Dallas High School,TJX,ConocoPhillips,Honeywell International,Wells Fargo,World Fuel Services
Rosella,1672,Dallas High School,United Continental Holdings,General Motors,Liberty Mutual Insurance Group,USAA,American Airlines Group
Adah,1673,Dallas High School,Nike,Disney,Liberty Mutual Insurance Group,CHS,General Electric
Berta,1674,Dallas High School,Boeing,Nationwide,CVS Health,Valero Energy,Dell Technologies
Elisabeth,1675,Dallas High School,Phillips 66,Merck,PepsiCo,Charter Communications,General Motors
Elise,1676,Dallas High School,Home Depot,United Technologies,Chevron,Sysco,USAA
Leola,1677,Dallas High School,CHS,Tech Data,Humana,Berkshire Hathaway,Chevron
Margret,1678,Dallas High School,Delta Air Lines,Cardinal Health,Procter & Gamble,Johnson & Johnson,Disney
Adaline,1679,Dallas High School,Lowe’s,MetLife,Goldman Sachs Group,Delta Air Lines,Tyson Foods
Idella,1680,Dallas High School,Kroger,Pfizer,General Electric,Anthem,Rite Aid
Juanita,1681,Dallas High School,Tech Data,Archer Daniels Midland,Lockheed Martin,Fannie Mae,Amazon.com
Lenna,1682,Dallas High School,Costco,Delta Air Lines,Nationwide,AT&T,Cardinal Health
Lucie,1683,Dallas High School,General Motors,Charter Communications,Goldman Sachs Group,Energy Transfer Equity,Intel
Missouri,1684,Dallas High School,Honeywell International,Best Buy,Merck,Amazon.com,Prudential Financial
Nola,1685,Dallas High School,Disney,PepsiCo,Pfizer,Home Depot,Walmart
Zoe,1686,Dallas High School,Comcast,Fannie Mae,Delta Air Lines,Rite Aid,AmerisourceBergen
Eda,1687,Dallas High School,Aetna,USAA,Caterpillar,Costco,Verizon
Isabell,1688,Dallas High School,United Technologies,HCA Healthcare,Freddie Mac,Honeywell International,Dell Technologies
Julie,1689,Dallas High School,Johnson & Johnson,Andeavor,Albertsons Cos.,Liberty Mutual Insurance Group,United Technologies
Letitia,1690,Dallas High School,Facebook,IBM,UnitedHealth Group,World Fuel Services,Centene
Madeline,1691,Dallas High School,Lockheed Martin,Coca-Cola,TJX,CVS Health,Nationwide
Malissa,1692,Dallas High School,Exelon,CVS Health,World Fuel Services,Nike,HP
Mariah,1693,Dallas High School,Aetna,Oracle,Fannie Mae,Allstate,Coca-Cola
Pattie,1694,Dallas High School,Delta Air Lines,Energy Transfer Equity,HP,Phillips 66,IBM
Almeda,1695,Dallas High School,Pfizer,Nike,MetLife,Coca-Cola,Bank of America Corp.
Aurelia,1696,Dallas High School,Allstate,Ford Motor,McKesson,American Airlines Group,UnitedHealth Group
Dolly,1697,Dallas High School,Centene,State Farm Insurance Cos.,Walmart,Coca-Cola,Microsoft
Jannie,1698,Dallas High School,Intel,Procter & Gamble,General Electric,Dell Technologies,Berkshire Hathaway
Kathrine,1699,Dallas High School,Kroger,DowDuPont,Best Buy,ConocoPhillips,Phillips 66
Lavinia,1700,Dallas High School,Cigna,Intel,UPS,Aetna,Nike
Marietta,1701,Dallas High School,Microsoft,USAA,UPS,Allstate,MetLife
Melvina,1702,Dallas High School,JPMorgan Chase,Boeing,Home Depot,Rite Aid,AIG
Ona,1703,Dallas High School,New York Life Insurance,Marathon Petroleum,HP,General Motors,Walmart
Pinkie,1704,Dallas High School,Rite Aid,Cigna,Centene,Marathon Petroleum,General Motors
Susanna,1705,Dallas High School,State Farm Insurance Cos.,World Fuel Services,Dell Technologies,FedEx,Tyson Foods
Chloe,1706,Dallas High School,Disney,Anthem,State Farm Insurance Cos.,CVS Health,Procter & Gamble
Elsa,1707,Dallas High School,Walmart,Verizon,Disney,Merck,Cigna
Matie,1708,Dallas High School,Alphabet,Massachusetts Mutual Life Insurance,Kroger,Pfizer,Wells Fargo
Pearle,1709,Dallas High School,Microsoft,Disney,Publix Super Markets,American Express,UnitedHealth Group
Vesta,1710,Dallas High School,Aetna,Johnson & Johnson,Massachusetts Mutual Life Insurance,Phillips 66,Delta Air Lines
Vinnie,1711,Dallas High School,CVS Health,Express Scripts Holding,Charter Communications,UPS,HCA Healthcare
Antoinette,1712,Dallas High School,American Airlines Group,Energy Transfer Equity,Caterpillar,IBM,Sysco
Clementine,1713,Dallas High School,Phillips 66,ConocoPhillips,Boeing,Allstate,HP
Edythe,1714,Dallas High School,General Dynamics,FedEx,PepsiCo,Albertsons Cos.,Cardinal Health
Harriette,1715,Dallas High School,Bank of America Corp.,Costco,HCA Healthcare,Home Depot,HP
Libbie,1716,Dallas High School,Kroger,Humana,Walgreens Boots Alliance,DowDuPont,Honeywell International
Lilian,1717,Dallas High School,Dell Technologies,Disney,Rite Aid,Berkshire Hathaway,Freddie Mac
Lutie,1718,Dallas High School,Publix Super Markets,Fannie Mae,Sysco,Comcast,Albertsons Cos.
Magdalena,1719,Dallas High School,Dell Technologies,Phillips 66,IBM,Allstate,Aetna
Meda,1720,Dallas High School,Humana,Rite Aid,Chevron,Cardinal Health,CHS
Rita,1721,Dallas High School,Morgan Stanley,Energy Transfer Equity,Liberty Mutual Insurance Group,Pfizer,Alphabet
Tena,1722,Dallas High School,Microsoft,General Electric,Aetna,Lowe’s,TJX
Zelma,1723,Dallas High School,DowDuPont,Apple,Walmart,TIAA,Anthem
Adelia,1724,Dallas High School,Aetna,Morgan Stanley,Charter Communications,Bank of America Corp.,Chevron
Annetta,1725,Dallas High School,AT&T,Amazon.com,Dell Technologies,Pfizer,Honeywell International
Dona,1726,Dallas High School,Apple,Exelon,Massachusetts Mutual Life Insurance,Caterpillar,Honeywell International
Elizebeth,1727,Dallas High School,State Farm Insurance Cos.,Humana,Allstate,Cisco Systems,Verizon
Georgianna,1728,Dallas High School,HCA Healthcare,Tech Data,United Continental Holdings,Walmart,JPMorgan Chase
Gracie,1729,Dallas High School,PepsiCo,Aetna,Walgreens Boots Alliance,McKesson,Berkshire Hathaway
Iona,1730,Dallas High School,Phillips 66,Time Warner,Disney,Procter & Gamble,New York Life Insurance
Leta,1731,Dallas High School,Freddie Mac,Charter Communications,Boeing,Marathon Petroleum,3M
Liza,1732,Dallas High School,Exelon,Wells Fargo,Cardinal Health,Intel,Home Depot
Mertie,1733,Dallas High School,Marathon Petroleum,Ford Motor,Centene,Albertsons Cos.,Exxon Mobil
Molly,1734,Dallas High School,Costco,Cisco Systems,Bank of America Corp.,State Farm Insurance Cos.,Cigna
Neva,1735,Dallas High School,Berkshire Hathaway,IBM,Humana,Chevron,American Airlines Group
Oma,1736,Dallas High School,Lowe’s,Cisco Systems,Publix Super Markets,Cigna,Valero Energy
Alida,1737,Dallas High School,Costco,Oracle,Walgreens Boots Alliance,HCA Healthcare,General Dynamics
Cecile,1738,Dallas High School,Rite Aid,Prudential Financial,Wells Fargo,USAA,Allstate
Ernestine,1739,Dallas High School,PepsiCo,Intel,Archer Daniels Midland,Merck,Dell Technologies
Evie,1740,Dallas High School,Caterpillar,Allstate,Cigna,UPS,State Farm Insurance Cos.
Helene,1741,Dallas High School,AmerisourceBergen,Goldman Sachs Group,Apple,Andeavor,Honeywell International
Minna,1742,Dallas High School,Pfizer,Home Depot,Wells Fargo,General Dynamics,Centene
Myrta,1743,Dallas High School,American Express,United Continental Holdings,DowDuPont,3M,Citigroup
Prudence,1744,Dallas High School,Boeing,General Motors,HCA Healthcare,Bank of America Corp.,State Farm Insurance Cos.
Queen,1745,Dallas High School,USAA,Disney,UPS,AmerisourceBergen,Johnson & Johnson
Rilla,1746,Dallas High School,Ford Motor,Disney,Best Buy,Humana,Rite Aid
Savannah,1747,Dallas High School,Disney,Comcast,HP,UnitedHealth Group,United Continental Holdings
Tessie,1748,Dallas High School,Walgreens Boots Alliance,Goldman Sachs Group,Exxon Mobil,United Continental Holdings,Sysco
Agatha,1749,Dallas High School,Centene,Nationwide,Archer Daniels Midland,American Airlines Group,3M
America,1750,Dallas High School,Lowe’s,Chevron,Amazon.com,Nike,Exelon
Anita,1751,Dallas High School,Bank of America Corp.,Chevron,General Electric,Boeing,Tyson Foods
Arminta,1752,Dallas High School,PepsiCo,AmerisourceBergen,American Express,Apple,Oracle
Dorothea,1753,Dallas High School,Amazon.com,Cigna,Goldman Sachs Group,Morgan Stanley,IBM
Luvenia,1754,Dallas High School,Humana,Kroger,Allstate,Centene,Apple
Marjorie,1755,Dallas High School,Fannie Mae,Valero Energy,American Express,Marathon Petroleum,JPMorgan Chase
Maybelle,1756,Dallas High School,Microsoft,Freddie Mac,Chevron,State Farm Insurance Cos.,American Express
Mellie,1757,Dallas High School,FedEx,Ford Motor,UnitedHealth Group,Lowe’s,Honeywell International
Nan,1758,Dallas High School,DowDuPont,Tech Data,Cisco Systems,Nationwide,Amazon.com
Velma,1759,Dallas High School,CHS,World Fuel Services,Comcast,Procter & Gamble,New York Life Insurance
Constance,1760,Dallas High School,Best Buy,Exxon Mobil,DowDuPont,Alphabet,Exelon
Ila,1761,Dallas High School,Cigna,Amazon.com,Costco,Oracle,Cisco Systems
Iola,1762,Dallas High School,Valero Energy,Wells Fargo,UPS,Pfizer,Intel
Louvenia,1763,Dallas High School,USAA,Allstate,Wells Fargo,Massachusetts Mutual Life Insurance,Amazon.com
Lucia,1764,Dallas High School,Andeavor,Energy Transfer Equity,IBM,Lowe’s,AT&T
Ludie,1765,Dallas High School,PepsiCo,Morgan Stanley,Nike,Anthem,Amazon.com
Luna,1766,Dallas High School,Aetna,Procter & Gamble,Ford Motor,Massachusetts Mutual Life Insurance,PepsiCo
Metta,1767,Dallas High School,Oracle,Walgreens Boots Alliance,AmerisourceBergen,Cigna,Tyson Foods
Phebe,1768,Dallas High School,USAA,Anthem,Bank of America Corp.,Lowe’s,Charter Communications
Sophronia,1769,Dallas High School,Facebook,HP,General Dynamics,Wells Fargo,MetLife
Adda,1770,Dallas High School,Walmart,HP,Morgan Stanley,Apple,United Technologies
Avis,1771,Dallas High School,Target,Nationwide,Cisco Systems,Morgan Stanley,Bank of America Corp.
Betsy,1772,Dallas High School,Chevron,Target,CVS Health,Delta Air Lines,UnitedHealth Group
Cordie,1773,Dallas High School,Express Scripts Holding,Humana,Fannie Mae,Nationwide,Anthem
Emmaline,1774,Dallas High School,IBM,HCA Healthcare,Intel,Target,Cardinal Health
Ethelyn,1775,Dallas High School,CHS,AT&T,Phillips 66,Freddie Mac,Alphabet
Hortense,1776,Dallas High School,Express Scripts Holding,Boeing,Walgreens Boots Alliance,Centene,Energy Transfer Equity
Marcella,1777,Dallas High School,Cardinal Health,Merck,Honeywell International,CVS Health,Costco
Melinda,1778,Dallas High School,Home Depot,Costco,Delta Air Lines,Massachusetts Mutual Life Insurance,Chevron
Mona,1779,Dallas High School,TIAA,Morgan Stanley,Albertsons Cos.,General Electric,AT&T
Odessa,1780,Dallas High School,United Continental Holdings,Amazon.com,AmerisourceBergen,Target,Berkshire Hathaway
Veronica,1781,Dallas High School,Cisco Systems,State Farm Insurance Cos.,Microsoft,MetLife,Berkshire Hathaway
Aimee,1782,Dallas High School,Liberty Mutual Insurance Group,DowDuPont,Citigroup,Charter Communications,USAA
Annabel,1783,Dallas High School,Wells Fargo,American Express,TJX,Centene,Morgan Stanley
Ava,1784,Dallas High School,USAA,Nike,Kroger,Cisco Systems,Valero Energy
Bella,1785,Dallas High School,Marathon Petroleum,Exelon,Nike,Anthem,FedEx
Carolina,1786,Dallas High School,Honeywell International,Tech Data,Exelon,Valero Energy,Facebook
Cathrine,1787,Dallas High School,Microsoft,Anthem,Morgan Stanley,Procter & Gamble,New York Life Insurance
Christena,1788,Dallas High School,Albertsons Cos.,McKesson,AIG,Time Warner,Sysco
Dena,1789,Dallas High School,Allstate,Time Warner,HP,Phillips 66,Boeing
Eleanore,1790,Dallas High School,Cigna,TJX,Coca-Cola,Energy Transfer Equity,Archer Daniels Midland
Elmira,1791,Dallas High School,Coca-Cola,Delta Air Lines,TJX,Archer Daniels Midland,Centene
Jenny,1792,Dallas High School,Walmart,Cisco Systems,Centene,USAA,AT&T
Kizzie,1793,Dallas High School,Goldman Sachs Group,Cigna,Nationwide,MetLife,ConocoPhillips
Loula,1794,Dallas High School,AmerisourceBergen,Honeywell International,AT&T,Freddie Mac,Fannie Mae
Magdalene,1795,Dallas High School,AmerisourceBergen,Archer Daniels Midland,Phillips 66,Sysco,HP
Mettie,1796,Dallas High School,Pfizer,Merck,Procter & Gamble,ConocoPhillips,American Airlines Group
Mintie,1797,Dallas High School,Anthem,General Electric,Kroger,Caterpillar,Procter & Gamble
Peggy,1798,Dallas High School,Verizon,Humana,Apple,Allstate,American Express
Reba,1799,Dallas High School,Boeing,Tyson Foods,Express Scripts Holding,Anthem,Berkshire Hathaway
Serena,1800,Dallas High School,UPS,Amazon.com,Comcast,Home Depot,Allstate
Vida,1801,Dallas High School,FedEx,TIAA,IBM,Cardinal Health,Merck
Zada,1802,Dallas High School,HCA Healthcare,UPS,World Fuel Services,Verizon,Morgan Stanley
Abigail,1803,Dallas High School,Anthem,UPS,USAA,AIG,DowDuPont
Celestine,1804,Dallas High School,Nike,Microsoft,Anthem,Archer Daniels Midland,Centene
Celina,1805,Dallas High School,Chevron,AmerisourceBergen,FedEx,United Technologies,United Continental Holdings
Daisie,1806,Dallas High School,Liberty Mutual Insurance Group,Lockheed Martin,FedEx,Cisco Systems,Delta Air Lines
Dessa,1807,Dallas High School,American Express,UnitedHealth Group,Home Depot,American Airlines Group,Lowe’s
Easter,1808,Dallas High School,UnitedHealth Group,Costco,Andeavor,DowDuPont,Prudential Financial
Emelia,1809,Dallas High School,Caterpillar,Albertsons Cos.,Cisco Systems,Aetna,Home Depot
Emmie,1810,Dallas High School,TJX,Apple,Exelon,CVS Health,Amazon.com
Imogene,1811,Dallas High School,United Technologies,Berkshire Hathaway,United Continental Holdings,AmerisourceBergen,Aetna
India,1812,Dallas High School,Alphabet,United Continental Holdings,Merck,American Airlines Group,Charter Communications
Jeanne,1813,Dallas High School,Tyson Foods,Citigroup,JPMorgan Chase,Freddie Mac,General Electric
Lenore,1814,Dallas High School,CHS,Walgreens Boots Alliance,Home Depot,AmerisourceBergen,Rite Aid
Liddie,1815,Dallas High School,Charter Communications,Cisco Systems,Marathon Petroleum,American Airlines Group,Merck
Lotta,1816,Dallas High School,United Technologies,General Dynamics,Walgreens Boots Alliance,Marathon Petroleum,Delta Air Lines
Mame,1817,Dallas High School,Intel,Time Warner,General Electric,Honeywell International,Walgreens Boots Alliance
Nevada,1818,Dallas High School,Rite Aid,Honeywell International,Coca-Cola,General Electric,Massachusetts Mutual Life Insurance
Rachael,1819,Dallas High School,Johnson & Johnson,UPS,Express Scripts Holding,Best Buy,TIAA
Sina,1820,Dallas High School,Walmart,Allstate,Comcast,PepsiCo,United Technologies
Willa,1821,Dallas High School,American Airlines Group,General Dynamics,Massachusetts Mutual Life Insurance,Aetna,3M
Aline,1822,Dallas High School,Coca-Cola,AmerisourceBergen,Costco,Massachusetts Mutual Life Insurance,Disney
Daisey,1823,Dallas High School,Tyson Foods,CVS Health,Dell Technologies,Target,Costco
Dorcas,1824,Dallas High School,Charter Communications,Walgreens Boots Alliance,Centene,Phillips 66,Anthem
Edmonia,1825,Dallas High School,McKesson,American Airlines Group,CHS,CVS Health,Bank of America Corp.
Effa,1826,Dallas High School,General Dynamics,AmerisourceBergen,Anthem,Johnson & Johnson,Morgan Stanley
Eldora,1827,Dallas High School,Energy Transfer Equity,Best Buy,Lowe’s,General Dynamics,Exelon
Eloise,1828,Dallas High School,Publix Super Markets,Valero Energy,Archer Daniels Midland,MetLife,Lockheed Martin
Emmer,1829,Dallas High School,New York Life Insurance,Walgreens Boots Alliance,Lockheed Martin,General Electric,Oracle
Era,1830,Dallas High School,JPMorgan Chase,Procter & Gamble,Tyson Foods,Oracle,Amazon.com
Gena,1831,Dallas High School,Honeywell International,Berkshire Hathaway,Caterpillar,World Fuel Services,Merck
Iris,1832,Dallas High School,Best Buy,Time Warner,CVS Health,Verizon,USAA
Izora,1833,Dallas High School,Johnson & Johnson,Cisco Systems,Caterpillar,Verizon,UPS
Lissie,1834,Dallas High School,Disney,USAA,Dell Technologies,DowDuPont,Fannie Mae
Mallie,1835,Dallas High School,Walmart,United Technologies,Bank of America Corp.,Cigna,Facebook
Malvina,1836,Dallas High School,Exelon,Wells Fargo,Morgan Stanley,HP,Humana
Mathilde,1837,Dallas High School,World Fuel Services,Exxon Mobil,Centene,General Electric,FedEx
Mazie,1838,Dallas High School,Oracle,Honeywell International,General Dynamics,Morgan Stanley,McKesson
Queenie,1839,Dallas High School,Goldman Sachs Group,Charter Communications,Microsoft,IBM,Publix Super Markets
Rosina,1840,Dallas High School,Comcast,UnitedHealth Group,Target,HCA Healthcare,Citigroup
Salome,1841,Dallas High School,Fannie Mae,Facebook,Walmart,Archer Daniels Midland,United Technologies
Theodora,1842,Dallas High School,CHS,Intel,Lockheed Martin,Phillips 66,MetLife
Therese,1843,Dallas High School,Caterpillar,Walgreens Boots Alliance,Procter & Gamble,Disney,Lowe’s
Vena,1844,Dallas High School,Massachusetts Mutual Life Insurance,Walmart,Delta Air Lines,Chevron,Humana
Wanda,1845,Dallas High School,Johnson & Johnson,Morgan Stanley,AT&T,Humana,Sysco
Wilda,1846,Dallas High School,General Motors,Apple,Walmart,Anthem,Sysco
Altha,1847,Dallas High School,Nationwide,Berkshire Hathaway,Lockheed Martin,ConocoPhillips,Publix Super Markets
Anastasia,1848,Dallas High School,Berkshire Hathaway,Delta Air Lines,Walgreens Boots Alliance,IBM,PepsiCo
Besse,1849,Dallas High School,Lowe’s,USAA,IBM,Caterpillar,McKesson
Birtie,1850,Dallas High School,Costco,Caterpillar,General Electric,Target,Procter & Gamble
Clarissa,1851,Dallas High School,Valero Energy,Best Buy,Publix Super Markets,FedEx,Nationwide
Delilah,1852,Dallas High School,Comcast,Liberty Mutual Insurance Group,3M,Morgan Stanley,Phillips 66
Diana,1853,Dallas High School,IBM,Albertsons Cos.,CHS,Liberty Mutual Insurance Group,Tyson Foods
Emelie,1854,Dallas High School,Anthem,UnitedHealth Group,AIG,Albertsons Cos.,Nike
Erna,1855,Dallas High School,Dell Technologies,Intel,3M,Tech Data,TJX
Florida,1856,Dallas High School,Charter Communications,Aetna,Andeavor,JPMorgan Chase,AmerisourceBergen
Frona,1857,Dallas High School,Johnson & Johnson,Delta Air Lines,American Airlines Group,United Technologies,JPMorgan Chase
Hilma,1858,Dallas High School,American Express,JPMorgan Chase,Tyson Foods,Walmart,Microsoft
Juliet,1859,Dallas High School,American Express,CHS,Cisco Systems,Albertsons Cos.,Morgan Stanley
Leonie,1860,Dallas High School,Boeing,Costco,Johnson & Johnson,American Express,Fannie Mae
Lugenia,1861,Dallas High School,Cardinal Health,UnitedHealth Group,Archer Daniels Midland,Berkshire Hathaway,Wells Fargo
Mammie,1862,Dallas High School,State Farm Insurance Cos.,Facebook,Anthem,New York Life Insurance,General Electric
Manda,1863,Dallas High School,Wells Fargo,CVS Health,Facebook,Berkshire Hathaway,Intel
Manerva,1864,Dallas High School,HCA Healthcare,Apple,New York Life Insurance,Disney,Prudential Financial
Manie,1865,Dallas High School,Wells Fargo,World Fuel Services,PepsiCo,Target,American Airlines Group
Nella,1866,Dallas High School,Freddie Mac,Exxon Mobil,Bank of America Corp.,Delta Air Lines,Facebook
Paulina,1867,Dallas High School,3M,Disney,Chevron,Delta Air Lines,Aetna
Philomena,1868,Dallas High School,General Electric,Exelon,Cardinal Health,Chevron,Target
Selina,1869,Dallas High School,Apple,USAA,Lockheed Martin,Albertsons Cos.,Centene
Sena,1870,Dallas High School,Verizon,Massachusetts Mutual Life Insurance,Ford Motor,Liberty Mutual Insurance Group,Microsoft
Theodosia,1871,Dallas High School,Home Depot,Allstate,Amazon.com,PepsiCo,CHS
Una,1872,Dallas High School,General Dynamics,Marathon Petroleum,Nike,Home Depot,Comcast
Adela,1873,Dallas High School,Amazon.com,General Motors,Kroger,Citigroup,Phillips 66
Althea,1874,Dallas High School,Valero Energy,Andeavor,Tyson Foods,Cigna,Disney
Amalia,1875,Dallas High School,Lockheed Martin,United Continental Holdings,AIG,General Motors,Marathon Petroleum
Amber,1876,Dallas High School,Nationwide,United Technologies,Honeywell International,USAA,Lockheed Martin
Angelina,1877,Dallas High School,Delta Air Lines,Time Warner,Procter & Gamble,Energy Transfer Equity,Honeywell International
Annabelle,1878,Dallas High School,Fannie Mae,3M,Procter & Gamble,AIG,Walgreens Boots Alliance
Anner,1879,Dallas High School,Microsoft,Alphabet,Procter & Gamble,Phillips 66,JPMorgan Chase
Arie,1880,Dallas High School,Merck,Freddie Mac,Anthem,Charter Communications,Prudential Financial
Clarice,1881,Dallas High School,Pfizer,Berkshire Hathaway,TIAA,Charter Communications,CVS Health
Corda,1882,Dallas High School,Tyson Foods,Publix Super Markets,Allstate,McKesson,Target
Corrie,1883,Dallas High School,MetLife,Albertsons Cos.,Facebook,Microsoft,Bank of America Corp.
Dellar,1884,Dallas High School,Marathon Petroleum,Fannie Mae,Ford Motor,Rite Aid,Pfizer
Donie,1885,Dallas High School,Andeavor,AmerisourceBergen,Kroger,Johnson & Johnson,Cisco Systems
Elda,1886,Dallas High School,Coca-Cola,Kroger,Bank of America Corp.,Massachusetts Mutual Life Insurance,Archer Daniels Midland
Elinor,1887,Dallas High School,Honeywell International,Energy Transfer Equity,Prudential Financial,USAA,General Motors
Emeline,1888,Dallas High School,Kroger,Archer Daniels Midland,DowDuPont,General Motors,United Continental Holdings
Emilia,1889,Dallas High School,Kroger,UPS,Honeywell International,Home Depot,Tyson Foods
Etha,1890,Dallas High School,Cardinal Health,Johnson & Johnson,USAA,Honeywell International,Citigroup
Indiana,1891,Dallas High School,Albertsons Cos.,Ford Motor,Aetna,3M,Boeing
Ione,1892,Dallas High School,Dell Technologies,Wells Fargo,American Airlines Group,Lowe’s,Morgan Stanley
Josiephine,1893,Dallas High School,Liberty Mutual Insurance Group,Humana,Boeing,3M,Coca-Cola
Kitty,1894,Dallas High School,Andeavor,Target,Best Buy,Fannie Mae,Sysco
Lavina,1895,Dallas High School,New York Life Insurance,Verizon,MetLife,DowDuPont,General Dynamics
Leda,1896,Dallas High School,Best Buy,Lowe’s,HP,Amazon.com,McKesson
Letta,1897,Dallas High School,General Electric,Andeavor,Boeing,HP,UnitedHealth Group
Mahala,1898,Dallas High School,General Dynamics,Albertsons Cos.,General Motors,UPS,State Farm Insurance Cos.
Marcia,1899,Dallas High School,UPS,IBM,Anthem,Honeywell International,Humana
Margarette,1900,Dallas High School,Energy Transfer Equity,MetLife,Archer Daniels Midland,Liberty Mutual Insurance Group,American Airlines Group
Maudie,1901,Dallas High School,Home Depot,IBM,Dell Technologies,AIG,Delta Air Lines
Maye,1902,Dallas High School,DowDuPont,Chevron,HP,American Airlines Group,General Dynamics
Norah,1903,Dallas High School,Caterpillar,Valero Energy,Disney,3M,McKesson
Patty,1904,Dallas High School,Phillips 66,Rite Aid,PepsiCo,General Dynamics,Lockheed Martin
Paula,1905,Dallas High School,Nike,TIAA,DowDuPont,UPS,Walmart
Permelia,1906,Dallas High School,New York Life Insurance,TIAA,Express Scripts Holding,Rite Aid,Citigroup
Rosalia,1907,Dallas High School,New York Life Insurance,Massachusetts Mutual Life Insurance,Fannie Mae,Home Depot,Rite Aid
Roxanna,1908,Dallas High School,PepsiCo,Comcast,Chevron,Charter Communications,Allstate
Sula,1909,Dallas High School,Verizon,Exelon,Merck,Liberty Mutual Insurance Group,Aetna
Vada,1910,Dallas High School,Charter Communications,General Motors,Cigna,General Electric,Oracle
Winnifred,1911,Dallas High School,Citigroup,World Fuel Services,TJX,Caterpillar,Alphabet
Adline,1912,Dallas High School,HP,Liberty Mutual Insurance Group,Andeavor,United Technologies,Lowe’s
Almira,1913,Dallas High School,JPMorgan Chase,Walmart,Costco,World Fuel Services,Massachusetts Mutual Life Insurance
Alvena,1914,Dallas High School,Honeywell International,Citigroup,3M,DowDuPont,Pfizer
Arizona,1915,Dallas High School,American Airlines Group,Facebook,Allstate,Sysco,USAA
Becky,1916,Dallas High School,Cigna,Nationwide,Archer Daniels Midland,Exelon,Target
Bernadette,1917,Dallas High School,Johnson & Johnson,Facebook,Charter Communications,Coca-Cola,United Technologies
Cordia,1918,Dallas High School,Massachusetts Mutual Life Insurance,Boeing,Berkshire Hathaway,Tyson Foods,Rite Aid
Corine,1919,Dallas High School,Procter & Gamble,Comcast,Honeywell International,Exxon Mobil,Home Depot
Dicie,1920,Dallas High School,United Continental Holdings,FedEx,UPS,Sysco,Liberty Mutual Insurance Group
Dove,1921,Dallas High School,Massachusetts Mutual Life Insurance,Publix Super Markets,TJX,FedEx,TIAA
Drusilla,1922,Dallas High School,Caterpillar,Intel,MetLife,Morgan Stanley,Comcast
Elena,1923,Dallas High School,UnitedHealth Group,Walmart,State Farm Insurance Cos.,Express Scripts Holding,TIAA
Elenora,1924,Dallas High School,IBM,General Motors,Freddie Mac,Tech Data,UPS
Elmina,1925,Dallas High School,Pfizer,Costco,Albertsons Cos.,Nike,Cigna
Ethyl,1926,Dallas High School,USAA,Ford Motor,Tyson Foods,Express Scripts Holding,Caterpillar
Evalyn,1927,Dallas High School,MetLife,Publix Super Markets,Pfizer,Honeywell International,Fannie Mae
Evelina,1928,Dallas High School,Freddie Mac,Anthem,Rite Aid,Tech Data,Nike
Faye,1929,Dallas High School,Intel,Bank of America Corp.,Goldman Sachs Group,Walmart,Charter Communications
Huldah,1930,Dallas High School,Ford Motor,Johnson & Johnson,Charter Communications,Apple,Cardinal Health
Idell,1931,Dallas High School,United Technologies,Nike,Boeing,Archer Daniels Midland,Home Depot
Inga,1932,Dallas High School,FedEx,American Express,Cisco Systems,Lowe’s,Goldman Sachs Group
Irena,1933,Dallas High School,McKesson,United Technologies,United Continental Holdings,Target,Caterpillar
Kattie,1934,Dallas High School,Time Warner,Sysco,Goldman Sachs Group,Lockheed Martin,Apple
Lavenia,1935,Dallas High School,CHS,Walgreens Boots Alliance,Alphabet,Citigroup,Time Warner
Lovina,1936,Dallas High School,Massachusetts Mutual Life Insurance,FedEx,JPMorgan Chase,United Technologies,Bank of America Corp.
Lulie,1937,Dallas High School,Nike,Prudential Financial,Humana,Lockheed Martin,DowDuPont
Magnolia,1938,Dallas High School,Anthem,United Continental Holdings,Nationwide,ConocoPhillips,Delta Air Lines
Margeret,1939,Dallas High School,Anthem,Liberty Mutual Insurance Group,Costco,Centene,Kroger
Margery,1940,Dallas High School,Caterpillar,HP,Archer Daniels Midland,ConocoPhillips,MetLife
Media,1941,Dallas High School,ConocoPhillips,Nationwide,Cardinal Health,Bank of America Corp.,CHS
Millicent,1942,Dallas High School,Ford Motor,Nike,HCA Healthcare,Microsoft,Home Depot
Nena,1943,Dallas High School,Procter & Gamble,ConocoPhillips,Valero Energy,New York Life Insurance,Chevron
Orilla,1944,Dallas High School,Intel,Comcast,State Farm Insurance Cos.,IBM,General Dynamics
Pansy,1945,Dallas High School,Prudential Financial,Delta Air Lines,Intel,Freddie Mac,TIAA
Rosia,1946,Dallas High School,Dell Technologies,AIG,Facebook,Caterpillar,AmerisourceBergen
Rowena,1947,Dallas High School,Cigna,Allstate,Bank of America Corp.,Amazon.com,FedEx
Tabitha,1948,Dallas High School,Costco,Verizon,3M,AmerisourceBergen,Centene
Verdie,1949,Dallas High School,Lockheed Martin,Energy Transfer Equity,Amazon.com,Procter & Gamble,Express Scripts Holding
Zetta,1950,Dallas High School,Target,American Airlines Group,Walmart,Nationwide,TJX
Zoa,1951,Dallas High School,Microsoft,Energy Transfer Equity,Berkshire Hathaway,PepsiCo,Morgan Stanley
Zona,1952,Dallas High School,General Dynamics,Coca-Cola,Delta Air Lines,JPMorgan Chase,Exelon
Albertina,1953,Dallas High School,JPMorgan Chase,United Continental Holdings,Chevron,Freddie Mac,Honeywell International
Albina,1954,Dallas High School,American Express,Alphabet,Humana,United Continental Holdings,Facebook
Alyce,1955,Dallas High School,AT&T,Aetna,State Farm Insurance Cos.,UPS,Oracle
Amie,1956,Dallas High School,Liberty Mutual Insurance Group,AT&T,UPS,Sysco,3M
Annis,1957,Dallas High School,Merck,MetLife,Centene,Lockheed Martin,Oracle
Carra,1958,Dallas High School,AmerisourceBergen,American Express,DowDuPont,Tech Data,Time Warner
Clarinda,1959,Dallas High School,TJX,Citigroup,Comcast,TIAA,Verizon
Delphia,1960,Dallas High School,Freddie Mac,Andeavor,Facebook,Archer Daniels Midland,Exelon
Dillie,1961,Dallas High School,Albertsons Cos.,Dell Technologies,Fannie Mae,Time Warner,USAA
Doshie,1962,Dallas High School,Cigna,Boeing,Prudential Financial,General Electric,TIAA
Drucilla,1963,Dallas High School,IBM,Microsoft,Cisco Systems,Aetna,United Continental Holdings
Etna,1964,Dallas High School,Cigna,CVS Health,Fannie Mae,General Motors,Liberty Mutual Insurance Group
Eugenie,1965,Dallas High School,Exxon Mobil,IBM,Alphabet,General Motors,Facebook
Eulalia,1966,Dallas High School,Target,Johnson & Johnson,MetLife,HP,Liberty Mutual Insurance Group
Eve,1967,Dallas High School,Pfizer,Express Scripts Holding,Berkshire Hathaway,Exxon Mobil,Marathon Petroleum
Felicia,1968,Dallas High School,Honeywell International,HCA Healthcare,Archer Daniels Midland,Nationwide,Valero Energy
Florance,1969,Dallas High School,Allstate,Berkshire Hathaway,IBM,Coca-Cola,Fannie Mae
Fronie,1970,Dallas High School,Allstate,Phillips 66,General Motors,Freddie Mac,Cisco Systems
Geraldine,1971,Dallas High School,Sysco,General Motors,General Electric,DowDuPont,Berkshire Hathaway
Gina,1972,Dallas High School,Merck,Exxon Mobil,McKesson,Aetna,Oracle
Glenna,1973,Dallas High School,Valero Energy,Rite Aid,Apple,Disney,Wells Fargo
Grayce,1974,Dallas High School,Home Depot,PepsiCo,Boeing,Kroger,DowDuPont
Hedwig,1975,Dallas High School,AmerisourceBergen,CVS Health,Energy Transfer Equity,Lowe’s,Berkshire Hathaway
Jossie,1976,Dallas High School,Charter Communications,Walgreens Boots Alliance,General Dynamics,Disney,Publix Super Markets
Katheryn,1977,Dallas High School,Costco,Exxon Mobil,State Farm Insurance Cos.,Berkshire Hathaway,Lockheed Martin
Katy,1978,Dallas High School,Procter & Gamble,Oracle,Best Buy,Fannie Mae,Berkshire Hathaway
Leanna,1979,Dallas High School,Liberty Mutual Insurance Group,Lowe’s,DowDuPont,Chevron,CVS Health
Leitha,1980,Dallas High School,Dell Technologies,Liberty Mutual Insurance Group,Goldman Sachs Group,Time Warner,CHS
Leone,1981,Dallas High School,USAA,IBM,Verizon,Nationwide,Anthem
Lidie,1982,Dallas High School,Lockheed Martin,Goldman Sachs Group,United Continental Holdings,Nike,General Dynamics
Loma,1983,Dallas High School,Ford Motor,Boeing,Tyson Foods,USAA,Facebook
Lular,1984,Dallas High School,Pfizer,Microsoft,Publix Super Markets,Berkshire Hathaway,Merck
Magdalen,1985,Dallas High School,Exxon Mobil,TJX,Alphabet,McKesson,Procter & Gamble
Maymie,1986,Dallas High School,United Continental Holdings,Boeing,Prudential Financial,General Electric,Alphabet
Minervia,1987,Dallas High School,PepsiCo,Merck,MetLife,Tyson Foods,CHS
Muriel,1988,Dallas High School,Intel,General Electric,Dell Technologies,HP,Ford Motor
Neppie,1989,Dallas High School,Exxon Mobil,Albertsons Cos.,Alphabet,Delta Air Lines,Walmart
Onie,1990,Dallas High School,United Continental Holdings,Prudential Financial,American Airlines Group,Apple,Lockheed Martin
Osa,1991,Dallas High School,Best Buy,Anthem,Dell Technologies,Nike,Chevron
Otelia,1992,Dallas High School,Best Buy,Tyson Foods,Massachusetts Mutual Life Insurance,Prudential Financial,MetLife
Paralee,1993,Dallas High School,Marathon Petroleum,Aetna,Centene,DowDuPont,Charter Communications
Patience,1994,Dallas High School,Apple,McKesson,UPS,Anthem,Nationwide
Rella,1995,Dallas High School,Fannie Mae,Exelon,Johnson & Johnson,Nationwide,FedEx
Rillie,1996,Dallas High School,Bank of America Corp.,AmerisourceBergen,Rite Aid,Coca-Cola,Procter & Gamble
Rosanna,1997,Dallas High School,HCA Healthcare,ConocoPhillips,Exxon Mobil,AIG,Apple
Tilda,1998,Dallas High School,American Express,TIAA,Best Buy,HP,World Fuel Services
Tishie,1999,Dallas High School,3M,UPS,Fannie Mae,Boeing,McKesson
Tressa,2000,Dallas High School,Rite Aid,Prudential Financial,Nationwide,Target,Kroger
Viva,2001,Dallas High School,Caterpillar,United Continental Holdings,General Electric,Liberty Mutual Insurance Group,UPS
Yetta,2002,Dallas High School,UnitedHealth Group,Andeavor,Exxon Mobil,Morgan Stanley,TIAA
Zena,2003,Dallas High School,TJX,Phillips 66,Chevron,AmerisourceBergen,Intel
Zola,2004,Dallas High School,Boeing,Sysco,Microsoft,Oracle,HCA Healthcare
Abby,2005,Dallas High School,PepsiCo,HP,Wells Fargo,Coca-Cola,Walmart
Aileen,2006,Dallas High School,Publix Super Markets,Tech Data,Walmart,Merck,UnitedHealth Group
Alda,2007,Dallas High School,Energy Transfer Equity,McKesson,Boeing,AIG,UPS
Alla,2008,Dallas High School,Walgreens Boots Alliance,Best Buy,State Farm Insurance Cos.,PepsiCo,ConocoPhillips
Alverta,2009,Dallas High School,McKesson,Centene,Liberty Mutual Insurance Group,AmerisourceBergen,Comcast
Ara,2010,Dallas High School,Oracle,HCA Healthcare,Archer Daniels Midland,Cigna,Goldman Sachs Group
Ardelia,2011,Dallas High School,United Continental Holdings,Citigroup,ConocoPhillips,Phillips 66,United Technologies
Ardella,2012,Dallas High School,Express Scripts Holding,Cardinal Health,Chevron,Delta Air Lines,Procter & Gamble
Arrie,2013,Dallas High School,Liberty Mutual Insurance Group,Bank of America Corp.,Energy Transfer Equity,AT&T,Chevron
Arvilla,2014,Dallas High School,Merck,Costco,Verizon,Humana,FedEx
Aurora,2015,Dallas High School,CVS Health,Best Buy,State Farm Insurance Cos.,Honeywell International,Prudential Financial
Bama,2016,Dallas High School,General Motors,MetLife,Honeywell International,Nike,Kroger
Bena,2017,Dallas High School,Walgreens Boots Alliance,Honeywell International,Costco,Bank of America Corp.,Aetna
Calla,2018,Dallas High School,AmerisourceBergen,Berkshire Hathaway,Humana,MetLife,Ford Motor
Camilla,2019,Dallas High School,American Express,Andeavor,Nike,Sysco,Verizon
Carlotta,2020,Dallas High School,Costco,Archer Daniels Midland,World Fuel Services,Marathon Petroleum,Publix Super Markets
Celestia,2021,Dallas High School,Lowe’s,Verizon,Walmart,ConocoPhillips,UnitedHealth Group
Cherry,2022,Dallas High School,Ford Motor,Archer Daniels Midland,Berkshire Hathaway,Exelon,CHS
Cinda,2023,Dallas High School,American Express,Delta Air Lines,Ford Motor,Valero Energy,Alphabet
Classie,2024,Dallas High School,American Airlines Group,Lowe’s,Exelon,Pfizer,Home Depot
Claudine,2025,Dallas High School,Pfizer,General Motors,Cigna,American Express,General Electric
Clemie,2026,Dallas High School,Caterpillar,UnitedHealth Group,ConocoPhillips,Comcast,Pfizer
Clyda,2027,Dallas High School,Berkshire Hathaway,Lockheed Martin,Sysco,Delta Air Lines,Aetna
Creola,2028,Dallas High School,Lowe’s,USAA,Microsoft,Nike,Costco
Debbie,2029,Dallas High School,Archer Daniels Midland,United Technologies,Berkshire Hathaway,Freddie Mac,New York Life Insurance
Dinah,2030,Dallas High School,Delta Air Lines,Albertsons Cos.,Ford Motor,Charter Communications,Tyson Foods
Doshia,2031,Dallas High School,Cigna,Facebook,Disney,Anthem,AT&T
Ednah,2032,Dallas High School,Allstate,Charter Communications,3M,Liberty Mutual Insurance Group,Goldman Sachs Group
Edyth,2033,Dallas High School,Tech Data,PepsiCo,General Electric,Humana,Sysco
Eleanora,2034,Dallas High School,Humana,Liberty Mutual Insurance Group,Walgreens Boots Alliance,USAA,Walmart
Electa,2035,Dallas High School,Exelon,New York Life Insurance,Target,Walmart,Comcast
Eola,2036,Dallas High School,Chevron,General Dynamics,Andeavor,Nike,UnitedHealth Group
Eudora,2037,Dallas High School,Facebook,JPMorgan Chase,Walmart,Wells Fargo,Liberty Mutual Insurance Group
Euphemia,2038,Dallas High School,Charter Communications,Walgreens Boots Alliance,DowDuPont,Home Depot,PepsiCo
Evalena,2039,Dallas High School,Oracle,FedEx,Comcast,Pfizer,JPMorgan Chase
Evaline,2040,Dallas High School,Caterpillar,AmerisourceBergen,Costco,United Technologies,Humana
Faith,2041,Dallas High School,HCA Healthcare,PepsiCo,Microsoft,Charter Communications,American Express
Fidelia,2042,Dallas High School,Berkshire Hathaway,Rite Aid,Facebook,Microsoft,Lowe’s
Golda,2043,Dallas High School,Humana,General Dynamics,Aetna,AmerisourceBergen,American Express
Helma,2044,Dallas High School,Sysco,Tyson Foods,State Farm Insurance Cos.,Rite Aid,Oracle
Hermine,2045,Dallas High School,CVS Health,General Motors,Cisco Systems,Nationwide,Sysco
Hessie,2046,Dallas High School,Comcast,Phillips 66,AT&T,ConocoPhillips,JPMorgan Chase
Ivah,2047,Dallas High School,Ford Motor,UPS,Fannie Mae,Walgreens Boots Alliance,AmerisourceBergen
Janette,2048,Dallas High School,USAA,World Fuel Services,Boeing,Johnson & Johnson,AT&T
Jennette,2049,Dallas High School,Facebook,TJX,Verizon,Apple,Morgan Stanley
Joella,2050,Dallas High School,Costco,Disney,Phillips 66,Pfizer,CVS Health
Kathryne,2051,Dallas High School,TJX,Honeywell International,Energy Transfer Equity,AmerisourceBergen,Liberty Mutual Insurance Group
Lanie,2052,Dallas High School,Sysco,Massachusetts Mutual Life Insurance,Merck,Cigna,Alphabet
Lauretta,2053,Dallas High School,Humana,Fannie Mae,Lockheed Martin,JPMorgan Chase,McKesson
Leana,2054,Dallas High School,Home Depot,Facebook,Disney,Morgan Stanley,McKesson
Leatha,2055,Dallas High School,Berkshire Hathaway,Kroger,IBM,Nike,AT&T
Liller,2056,Dallas High School,Sysco,Goldman Sachs Group,Berkshire Hathaway,Cardinal Health,Comcast
Lillis,2057,Dallas High School,Costco,American Airlines Group,General Motors,DowDuPont,New York Life Insurance
Louetta,2058,Dallas High School,Best Buy,Honeywell International,Express Scripts Holding,Freddie Mac,AT&T
Madie,2059,Dallas High School,Exxon Mobil,Verizon,World Fuel Services,AIG,Lockheed Martin
Mai,2060,Dallas High School,Home Depot,Time Warner,Liberty Mutual Insurance Group,Chevron,Goldman Sachs Group
Martina,2061,Dallas High School,Microsoft,UnitedHealth Group,Bank of America Corp.,Comcast,Humana
